sample_num,plot,treatment,date,depth_cm,richness,shannon_classes,evenness,mean_nosc,mean_hc,mean_oc,mean_nc,mean_ai,mean_dbe,frac_labile,frac_aromatic,frac_lignin,frac_other
1,1,control,2017-05-31,10,163,1.03425548589226,0.577228977245392,-0.388599443603992,1.14100532911123,0.360781817814691,0.00883915478262484,0.195103022409745,12.6871165644172,0.0736196319018405,0.282208588957055,0.638036809815951,0.00613496932515337
2,1,control,2017-12-06,10,432,1.02759307697559,0.573510616030571,-0.403394058224192,1.15872099143547,0.359691216533092,0.0104332928686169,0.192157378554492,13.4675925925926,0.0833333333333333,0.259259259259259,0.648148148148148,0.00925925925925926
3,1,control,2018-05-09,10,534,1.23624968428535,0.689964085870276,-0.411312764108134,1.13647314814659,0.339909502940581,0.0127116880847697,0.230472247170234,14.7734082397004,0.116104868913858,0.314606741573034,0.554307116104869,0.0149812734082397
4,1,control,2018-05-22,10,172,0.876276716080861,0.544461336042214,-0.401566510771441,1.14480965543383,0.357072167217379,0.00868698789170926,0.182207816439277,12.6627906976744,0.0523255813953488,0.255813953488372,0.691860465116279,0
5,1,control,2018-10-10,10,206,0.931754914760018,0.578931878988012,-0.426837569068144,1.18848923961396,0.362084779791827,0.00979732073501814,0.167546154923433,12.0533980582524,0.0776699029126214,0.242718446601942,0.679611650485437,0
6,1,control,2018-11-07,10,286,1.10323353706303,0.615726360602596,-0.434799802768483,1.15352499537689,0.339995573572565,0.00984449650690979,0.211023259941419,13.8531468531468,0.0909090909090909,0.307692307692308,0.594405594405594,0.00699300699300699
7,1,control,2019-09-10,10,568,1.19460096281005,0.66671949183264,-0.432016965631344,1.1415742039547,0.334149027678319,0.0114989461092272,0.224495417277017,14.5,0.119718309859155,0.294014084507042,0.575704225352113,0.0105633802816901
8,1,control,2019-12-03,10,285,0.842139299188871,0.470006891913729,-0.38042659789746,1.14937284999973,0.375015606951208,0.00359915113574523,0.161596323451567,12.6070175438596,0.0491228070175439,0.231578947368421,0.715789473684211,0.00350877192982456
9,1,control,2020-01-28,10,603,1.05098164933711,0.586564026805398,-0.309126187446995,1.13288110019671,0.399328541045965,0.00537856677116923,0.152880431064524,12.9121061359867,0.0630182421227197,0.190713101160862,0.674958540630183,0.0713101160862355
10,1,control,2021-12-15,10,280,1.16147951002586,0.72166779535425,-0.474290158421361,1.07008251772827,0.268099124861696,0.0135878473569637,0.30273251635885,14.7428571428572,0.0714285714285714,0.435714285714286,0.492857142857143,0
11,1,control,2022-08-23,10,354,1.21460162650792,0.677882074780499,-0.496581372942867,1.0348622750064,0.245126064527353,0.00887458840064491,0.331853738374839,18.0677966101695,0.0819209039548023,0.480225988700565,0.432203389830509,0.00564971751412429
12,1,control,2022-09-08,10,289,0.929230120112099,0.518613204546055,-0.461204660410384,1.10837503474318,0.308184183959695,0.00439264356702477,0.229157741570436,13.8096885813149,0.0346020761245675,0.332179930795848,0.626297577854671,0.0069204152249135
13,1,control,2022-11-16,10,743,1.21950845907346,0.757723208613301,-0.528367726324329,1.10368683447025,0.263056708993543,0.00968479008011126,0.288061853638995,16.7886944818304,0.123822341857335,0.390309555854643,0.485868102288022,0
108,1,control,2020-02-25,30,189,1.34012205348131,0.832664648401704,-0.763067851377917,1.11135189129789,0.143274819838341,0.012277697403259,0.387611154003204,20.3703703703704,0.275132275132275,0.560846560846561,0.164021164021164,0
109,1,control,2021-09-21,30,24,1.4335286453659,0.89070142705775,-0.929023282988013,1.28286515826519,0.147860940450028,0.0236906668248371,0.302524565074836,16.5833333333333,0.416666666666667,0.333333333333333,0.25,0
110,1,control,2022-08-23,30,49,0.956567274794814,0.594348665086502,-0.652786371583604,0.943923566742559,0.110893735592903,0.0109753590365997,0.486417129650679,19.8571428571429,0.122448979591837,0.775510204081633,0.102040816326531,0
111,1,control,2022-09-08,30,131,1.29259804865112,0.803136323970526,-0.707039462852119,1.04025900034127,0.133735033388791,0.00850216849853908,0.435294963579448,20.1450381679389,0.16793893129771,0.625954198473283,0.206106870229008,0
112,1,control,2022-11-16,30,333,1.32994049381835,0.742253922280833,-0.612940607510384,1.01232396614453,0.169762303591929,0.0104527544417063,0.415680682252643,23.96996996997,0.174174174174174,0.603603603603604,0.216216216216216,0.00600600600600601
113,1,control,2023-01-12,30,257,1.33188645696772,0.827547584580869,-0.630781415416529,1.02237555179709,0.163099117145006,0.0158582135735284,0.42393373543597,19.6964980544747,0.155642023346304,0.610894941634241,0.233463035019455,0
114,1,control,2023-05-30,30,160,1.29026474599753,0.80168656151895,-0.705393401231405,1.03345001085689,0.120702633507657,0.0190256210787493,0.450332072273732,19.1875,0.15,0.6125,0.2375,0
115,1,control,2023-08-22,30,488,1.4004906101403,0.781628691904541,-0.5836081598139,1.05712574852521,0.175603070536192,0.0347733410309378,0.39694100142961,19.3709016393442,0.157786885245902,0.506147540983607,0.327868852459016,0.00819672131147541
116,1,control,2023-12-12,30,509,1.35181431321059,0.754461933326905,-0.498442897503735,0.996816925757578,0.180456222412462,0.0386024123510523,0.43759739846151,18.7426326129666,0.115913555992141,0.557956777996071,0.324165029469548,0.00196463654223969
14,2,warmed,2017-05-31,10,944,1.23109211380864,0.687085590980038,-0.283018626109613,1.14179275861815,0.406442126878686,0.0109684578069097,0.158675570557609,12.0169491525424,0.115466101694915,0.198093220338983,0.604872881355932,0.0815677966101695
15,2,warmed,2017-12-06,10,383,1.23121099112741,0.764994400601226,-0.517532183794162,1.08898170701938,0.255260975348103,0.0144793893837624,0.307614272511809,15.420365535248,0.107049608355091,0.441253263707572,0.451697127937337,0
16,2,warmed,2018-05-09,10,863,1.29713202634683,0.723943167944115,-0.420588565466819,1.04489661629535,0.291941468240253,0.00572491514832314,0.291704778721419,15.8088064889918,0.0776361529548088,0.412514484356895,0.468134414831981,0.0417149478563152
17,2,warmed,2018-05-22,10,793,1.14638116927542,0.639807512650854,-0.473101061653318,1.00318735580449,0.2237302845921,0.0209324932217289,0.378553020585768,16.7894073139974,0.0517023959646911,0.505674653215637,0.438839848675914,0.00378310214375788
18,2,warmed,2018-10-10,10,443,1.1322767017452,0.631935659440394,-0.523250572141448,1.04890993251436,0.240891388752363,0.00720642281803496,0.327342750388283,16.0316027088036,0.0632054176072235,0.496613995485327,0.437923250564334,0.00225733634311512
19,2,warmed,2018-11-07,10,950,1.22682584673492,0.68470454199049,-0.54764555263887,1.09554679300642,0.232763716060944,0.0222143265663861,0.325029434695226,15.0747368421053,0.127368421052632,0.374736842105263,0.496842105263158,0.00105263157894737
20,2,warmed,2019-09-10,10,1392,1.34661708659818,0.751561305925927,-0.477822637657129,1.17062636810221,0.297710947694713,0.0245665998070192,0.248724752744029,12.6508620689655,0.201867816091954,0.257902298850575,0.52514367816092,0.0150862068965517
21,2,warmed,2019-12-03,10,867,1.3137324356236,0.733208032766585,-0.570328960753471,1.07837007090578,0.229635640385615,0.00844397670391625,0.32850647411297,18.4509803921568,0.129181084198385,0.450980392156863,0.410611303344867,0.00922722029988466
22,2,warmed,2020-01-28,10,773,1.2644177914729,0.705685005821484,-0.535486153720046,1.06463602824626,0.230184782758697,0.0162802983377401,0.334864171765526,15.7697283311772,0.102199223803364,0.463130659767141,0.425614489003881,0.00905562742561449
23,2,warmed,2021-12-15,10,273,1.26123024099759,0.783646409254841,-0.580952277032461,1.05881577488138,0.213433240582353,0.00957882008452933,0.35598808033434,16.8534798534799,0.120879120879121,0.534798534798535,0.344322344322344,0
24,2,warmed,2022-08-23,10,679,1.18988086665763,0.664085156011633,-0.51164721887148,1.01875884128796,0.230865279247857,0.00700823170118876,0.352859843853683,17.138438880707,0.069219440353461,0.511045655375552,0.415316642120766,0.00441826215022091
25,2,warmed,2022-11-16,10,211,1.16991201358063,0.726907204398624,-0.563867681099082,1.02594020527063,0.207802558085511,0.00763147553196116,0.371384460410303,17.2274881516588,0.0900473933649289,0.57345971563981,0.336492890995261,0
117,2,warmed,2020-02-25,30,556,1.37763163614582,0.768870855606164,-0.623612192821964,1.05114509398399,0.181275630620691,0.014496070237685,0.392285837164694,21.134892086331,0.18705035971223,0.543165467625899,0.267985611510791,0.00179856115107914
118,2,warmed,2021-09-21,30,734,1.32078632539304,0.737144883605427,-0.548677278489247,1.06531729266262,0.214495858990485,0.0224072937146952,0.363029271043461,17.0095367847411,0.137602179836512,0.504087193460491,0.35558583106267,0.00272479564032698
119,2,warmed,2022-08-23,30,95,1.20288826838014,0.747396503516498,-0.619163271137676,0.98457400359227,0.144493721666843,0.0155716482216223,0.45107353011876,20.8526315789474,0.115789473684211,0.642105263157895,0.242105263157895,0
120,2,warmed,2022-09-08,30,8,1.08219553003877,0.985056822321508,-0.43523033126294,1.54422715267824,0.370635086531826,0.118893467643468,0.258890597706387,8.125,0.375,0.25,0.375,0
121,2,warmed,2022-11-16,30,142,1.38837191363383,0.774865118604328,-0.609617382673849,1.09216314623301,0.202455520956482,0.0181187711385217,0.36471942616342,16.0633802816902,0.211267605633803,0.549295774647887,0.232394366197183,0.00704225352112676
122,2,warmed,2023-01-12,30,218,1.49993417496904,0.837129202177599,-0.655349717107023,1.14451454247966,0.205204150910625,0.0201664679311847,0.345163048686426,15.0504587155963,0.270642201834862,0.509174311926605,0.215596330275229,0.00458715596330275
123,2,warmed,2023-05-30,30,195,1.33700794890968,0.830729746441478,-0.566222000212443,0.984728789224908,0.171116979406319,0.0187788381985381,0.439906799379093,18.1692307692308,0.143589743589744,0.651282051282051,0.205128205128205,0
124,2,warmed,2023-08-22,30,385,1.45457198330611,0.903776388059748,-0.624881853822915,1.09191650888326,0.189369768132045,0.0242491589082923,0.377104524647903,15.9792207792208,0.192207792207792,0.493506493506494,0.314285714285714,0
125,2,warmed,2023-12-12,30,435,1.54632950080774,0.960788539191977,-0.613614077173571,1.11417845359149,0.203476705986283,0.0258484480253498,0.36531115333152,15.535632183908,0.266666666666667,0.485057471264368,0.248275862068966,0
26,3,control,2017-10-20,10,326,1.3306247415645,0.742635808219153,-0.551874981065233,1.08611240721997,0.23148949141557,0.0185380695988232,0.34349502648951,16.6226993865031,0.141104294478528,0.49079754601227,0.365030674846626,0.00306748466257669
27,3,control,2017-12-06,10,1691,1.21069051917977,0.675699244219073,-0.190244149031229,1.08413655643833,0.411295492713163,0.0146022376445707,0.170648218192842,13.4512123004141,0.0703725606150207,0.224719101123596,0.603193376700177,0.101714961561206
28,3,control,2018-01-17,10,141,1.23109165841006,0.68708533681725,-0.512316265567959,1.09052156966777,0.263838318228226,0.0094213592887893,0.301687246123248,15.3191489361702,0.099290780141844,0.439716312056738,0.453900709219858,0.00709219858156028
29,3,control,2018-01-30,10,635,1.20358773778127,0.671735106442501,-0.459527062042587,1.07930447668647,0.289649201847256,0.00745141630846073,0.276352717608352,15.2393700787401,0.0771653543307087,0.403149606299213,0.496062992125984,0.0236220472440945
30,3,control,2018-02-13,10,60,1.10589359179402,0.687130322487232,-0.533852423324399,1.02072426250802,0.210161190711178,0.0134809343082157,0.386948154066251,16.4166666666667,0.0833333333333333,0.6,0.316666666666667,0
31,3,control,2018-02-27,10,123,1.28857935571678,0.800639369659152,-0.589196694465334,1.00828455986373,0.182138588455439,0.0114111847710982,0.410288730947968,18.1544715447155,0.113821138211382,0.609756097560976,0.276422764227642,0
32,3,control,2018-05-09,10,210,1.28717541566651,0.799767052659895,-0.583173129961382,1.02485706534501,0.184420796644248,0.017655489091022,0.405421237518041,18.3,0.133333333333333,0.614285714285714,0.252380952380952,0
33,3,control,2018-05-22,10,53,1.51317994528063,0.940191562277857,-0.626206225208024,1.08263634596625,0.158824848261525,0.0458724515392655,0.427676945445693,15.2830188679245,0.207547169811321,0.509433962264151,0.283018867924528,0
34,3,control,2018-10-23,10,108,1.21048274143498,0.752115214935045,-0.480966864511532,1.14103516466491,0.296589275751935,0.0216013033434675,0.267130056106299,12.6296296296296,0.12962962962963,0.388888888888889,0.481481481481482,0
35,3,control,2018-11-07,10,18,1.45935941234753,0.906750984969906,-0.83802278984964,1.56594430225818,0.265222458630163,0.0895554056080372,0.200973851698489,7.55555555555555,0.611111111111111,0.222222222222222,0.166666666666667,0
36,3,control,2019-11-05,10,55,1.11706966752508,0.805795434832961,-0.581581761595171,0.951511773058392,0.156308171016363,0.00903303620028974,0.453262346876718,24.0545454545455,0.127272727272727,0.636363636363636,0.236363636363636,0
37,3,control,2019-12-17,10,332,1.36913708406038,0.850692700527794,-0.690188507669201,1.07115991110181,0.163599243251485,0.0104485206141699,0.390530278634891,22.9006024096386,0.216867469879518,0.542168674698795,0.240963855421687,0
38,3,control,2019-12-31,10,192,1.32632196139545,0.740234380883093,-0.6390764255372,1.03089882486971,0.164985989257553,0.0114777556973293,0.415331724866819,19.625,0.171875,0.630208333333333,0.192708333333333,0.00520833333333333
39,3,control,2020-01-28,10,143,1.37015431660697,0.851324742645561,-0.649285432146859,1.08072346049486,0.181159998592894,0.0143699628721376,0.385901869354046,17.1748251748252,0.223776223776224,0.594405594405594,0.181818181818182,0
40,3,control,2020-03-10,10,172,1.37317223515227,0.853199880867413,-0.653666251201886,1.05920217567692,0.166456783176818,0.0164959474647743,0.398119427702703,19.6511627906977,0.186046511627907,0.581395348837209,0.232558139534884,0
41,3,control,2021-12-15,10,276,1.39548328846745,0.867062517718952,-0.776997867971875,1.13119759115065,0.144628004588314,0.0159099086196369,0.368874924207963,22.9239130434783,0.27536231884058,0.438405797101449,0.286231884057971,0
42,3,control,2022-09-08,10,101,1.4213298899336,0.883121914149513,-0.634009004828006,1.05913272912077,0.176968983500091,0.0137892766742435,0.400566409405439,18.6336633663366,0.207920792079208,0.594059405940594,0.198019801980198,0
43,3,control,2022-11-16,10,407,1.40956721489222,0.875813353222429,-0.740700273232085,1.12343255459232,0.161952742345003,0.0116817973748879,0.367268572269993,23.8280098280098,0.255528255528256,0.44963144963145,0.294840294840295,0
44,3,control,2023-05-30,10,180,1.32730315100251,0.824699816468911,-0.616872297119507,1.05076614346713,0.142933814376134,0.0448475132995265,0.443490495865145,15.85,0.138888888888889,0.605555555555556,0.255555555555556,0
45,3,control,2023-12-27,10,121,1.3753047189094,0.854524867523098,-0.640834740541875,1.01847710851511,0.152356408507488,0.0147152040596785,0.418268102480814,22.9504132231405,0.165289256198347,0.56198347107438,0.272727272727273,0
46,3,control,2024-04-16,10,251,1.36848291854096,0.763764859091575,-0.747032284050099,1.08219744943518,0.127816570594021,0.0184920370274794,0.411510564484792,19.195219123506,0.191235059760956,0.537848605577689,0.266932270916335,0.00398406374501992
47,3,control,2024-04-30,10,292,1.23627737703223,0.689979541486592,-0.534597316433,0.970763427348319,0.141865291925424,0.0448436531028524,0.468110439363527,17.3869863013699,0.0856164383561644,0.633561643835616,0.277397260273973,0.00342465753424658
126,3,control,2017-05-31,30,53,1.26643065277815,0.786877606768199,-0.636470645960003,1.11617322797872,0.171325807906562,0.0413976264800749,0.396945719586217,17.3207547169811,0.207547169811321,0.566037735849057,0.226415094339623,0
127,3,control,2017-11-22,30,30,1.47852245949092,0.918657655612707,-0.522869755317081,1.02184657815175,0.192254853048264,0.0372418180374837,0.430059607202479,16.1666666666667,0.2,0.6,0.2,0
128,3,control,2017-12-06,30,11,1.46813993901621,0.912206632932989,-0.460492549432251,1.43392148695855,0.381275969098208,0.0776926816499009,0.197287247757467,8.90909090909091,0.454545454545455,0.272727272727273,0.272727272727273,0
129,3,control,2018-01-03,30,93,1.5375389962632,0.955326691626048,-0.73311441187431,1.21295498692573,0.202228213026581,0.0248382718432634,0.313242106957265,19.1935483870968,0.365591397849462,0.365591397849462,0.268817204301075,0
130,3,control,2018-01-30,30,92,1.4374527395487,0.893139603860029,-0.500362670807743,0.962932602635357,0.187552173124859,0.0200925298286469,0.460642087831261,20.6739130434783,0.195652173913043,0.652173913043478,0.152173913043478,0
131,3,control,2018-02-27,30,59,1.53673178376001,0.954825142298202,-0.755513369139035,1.19174946231963,0.189348065049131,0.0143654261256505,0.362080760790396,20.3050847457627,0.372881355932203,0.474576271186441,0.152542372881356,0
132,3,control,2018-05-09,30,226,1.47822564339132,0.918473233400883,-0.637249834772541,1.09346268227407,0.201980916407467,0.0127533089702419,0.373141605543494,16.3451327433628,0.212389380530973,0.52212389380531,0.265486725663717,0
133,3,control,2018-11-07,30,281,1.53226959419611,0.952052628037523,-0.571190415434055,1.07559775729346,0.222171516974203,0.0134923050959308,0.37892034129111,15.7935943060498,0.241992882562278,0.505338078291815,0.252669039145908,0
134,3,control,2019-09-10,30,115,1.44030706180008,0.894913093989302,-0.703439003856193,1.11010262309073,0.168666969920173,0.0169750234166175,0.385593219156948,17.0521739130435,0.252173913043478,0.573913043478261,0.173913043478261,0
135,3,control,2019-12-03,30,126,1.46536711046005,0.910483777683503,-0.558202811275619,0.996091939747293,0.178268126890318,0.0216050820050728,0.451817471983369,19.2380952380952,0.198412698412698,0.634920634920635,0.166666666666667,0
136,3,control,2020-01-14,30,127,1.45854671112743,0.906246025310496,-0.576170568202168,1.05535025264123,0.20913411747856,0.0113268993417351,0.385612583533471,15.8818897637795,0.196850393700787,0.582677165354331,0.220472440944882,0
137,3,control,2020-02-25,30,176,1.47437839375468,0.916082802799673,-0.526195076614806,1.01144301474728,0.211300202664588,0.013430503610024,0.410331735191356,17.3636363636364,0.176136363636364,0.579545454545455,0.244318181818182,0
138,3,control,2020-03-10,30,118,1.52384767741051,0.946819796922673,-0.620204925248282,1.04982644932488,0.189525467722657,0.0108927200960529,0.413825408918754,17.1610169491525,0.254237288135593,0.593220338983051,0.152542372881356,0
139,3,control,2020-07-28,30,97,1.54199634083745,0.958096195525398,-0.681404553684031,1.05803782531253,0.167921359644493,0.0100934436048269,0.425741254252389,17.8453608247423,0.278350515463918,0.567010309278351,0.154639175257732,0
140,3,control,2020-09-09,30,190,1.41483050572447,0.879083619687259,-0.597782133652118,1.02746592496917,0.187559810520721,0.00991384185084936,0.412904113622024,17.2947368421053,0.184210526315789,0.621052631578947,0.194736842105263,0
141,3,control,2020-10-06,30,157,1.39080423308441,0.864155257148735,-0.595900258424203,1.00215932160535,0.17083802203727,0.0115477437398937,0.436483129315905,22.9108280254777,0.184713375796178,0.617834394904459,0.197452229299363,0
142,3,control,2020-11-05,30,207,1.22950007761833,0.763931350268021,-0.594193473917519,0.976083086164012,0.159629255357506,0.0103660434482296,0.443343714644679,21.9661835748792,0.120772946859903,0.657004830917875,0.222222222222222,0
143,3,control,2020-12-29,30,241,1.32077858954086,0.737140566144122,-0.616285922559594,1.00624379156116,0.157662708367314,0.0165060349649394,0.432471480785076,20.3900414937759,0.149377593360996,0.630705394190871,0.215767634854772,0.004149377593361
144,3,control,2021-02-09,30,214,1.38215368137655,0.858780367169427,-0.750693412386368,1.10235802128939,0.144895712245039,0.0117863525696472,0.393977429873982,21.4205607476635,0.247663551401869,0.52803738317757,0.224299065420561,0
145,3,control,2021-06-03,30,227,1.45635153715283,0.904882087032643,-0.702449668299798,1.11006164163742,0.171139755747323,0.0156165944543451,0.375999970944111,21.7665198237885,0.268722466960352,0.488986784140969,0.242290748898678,0
146,3,control,2021-12-15,30,58,1.38974741074623,0.863498616510399,-0.578893493495228,1.04118059901725,0.18286790765662,0.0299590623202765,0.427280412404715,20.448275862069,0.258620689655172,0.655172413793103,0.0862068965517242,0
147,3,control,2023-05-30,30,608,1.32746620663071,0.82480112862699,-0.520987551654901,1.02945310741522,0.187429060156901,0.0398066959405241,0.411768592920374,17.0690789473685,0.118421052631579,0.519736842105263,0.361842105263158,0
48,4,warmed,2017-10-20,10,731,1.03751621234722,0.579048823330185,-0.397183813183837,1.08202806243334,0.322274600854291,0.00576250347930557,0.242731072225305,14.3638850889193,0.0478796169630643,0.351573187414501,0.578659370725034,0.0218878248974008
49,4,warmed,2017-12-06,10,1397,0.996762465777014,0.556303724297576,-0.253616689101179,1.10061968479502,0.387205972493032,0.0133911675817545,0.171952207070271,13.3643521832497,0.0422333571939871,0.226198997852541,0.670722977809592,0.0608446671438797
50,4,warmed,2018-01-17,10,878,1.01759403368538,0.56793004371496,-0.329805262203309,1.05658320961457,0.339305156188006,0.00773507483141009,0.239399775460842,14.3633257403189,0.0273348519362187,0.345102505694761,0.593394077448747,0.0341685649202734
51,4,warmed,2018-01-30,10,1335,1.0534548876455,0.587944367387301,-0.361804217769494,1.17957785441456,0.371667772954534,0.0127819256357085,0.151314812006896,12.2898876404495,0.106367041198502,0.173033707865169,0.680149812734082,0.0404494382022472
52,4,warmed,2018-02-13,10,1246,1.11010233734179,0.619559911029829,-0.355446873040486,1.09391728698471,0.338738587766987,0.0101199219474187,0.228552230150856,14.1404494382022,0.07223113964687,0.316211878009631,0.581861958266453,0.0296950240770466
53,4,warmed,2018-02-27,10,1132,1.09264427092566,0.609816378643949,-0.367675801311078,1.13532902841995,0.351180040465763,0.011276060341019,0.192724101253054,13.2703180212014,0.0918727915194346,0.25,0.629858657243816,0.0282685512367491
54,4,warmed,2018-05-09,10,1227,1.16423621997923,0.649772606186265,-0.253833433890426,1.08801011828381,0.390970258063096,0.00942806487882424,0.187529792108267,13.4262428687856,0.0668296658516707,0.248573757131214,0.603096984515077,0.0814995925020375
55,4,warmed,2018-05-22,10,1382,1.21183139151699,0.676335977194015,-0.363739031019671,1.10780137224618,0.338596708386893,0.0124460895602725,0.217157035607724,14.0441389290883,0.0984081041968162,0.287988422575977,0.573082489146165,0.040520984081042
56,4,warmed,2018-10-23,10,1927,1.16927106434042,0.652582606327274,-0.286700411796047,1.11563244459288,0.374426115237001,0.0149210083782551,0.185417705148208,13.5101193565126,0.101193565127141,0.223663725998962,0.615983393876492,0.0591593149974053
57,4,warmed,2018-11-07,10,1040,1.11670894710825,0.623247130145968,-0.342736628912428,1.11191257622022,0.361313849350207,0.00727786654916797,0.202955616680932,13.5384615384616,0.0692307692307692,0.279807692307692,0.599038461538462,0.0519230769230769
58,4,warmed,2019-11-05,10,1490,1.07861492892114,0.601986453787705,-0.254367417387892,1.11446601459512,0.395190418816446,0.0125811197344897,0.164338835661443,13.1765100671141,0.0711409395973154,0.209395973154362,0.650335570469799,0.0691275167785235
59,4,warmed,2019-12-17,10,1382,1.19495909449452,0.66691936893145,-0.254666395325811,1.08819087488073,0.388675794177611,0.0111643268246184,0.189235727073361,13.8762662807525,0.0817655571635311,0.243849493487699,0.597684515195369,0.0767004341534009
60,4,warmed,2019-12-31,10,2125,1.24178089091868,0.693051111069988,-0.268662448309494,1.09726097913108,0.374048876519972,0.0159166898335466,0.199250394232162,14.0677647058825,0.107294117647059,0.241411764705882,0.587294117647059,0.064
61,4,warmed,2020-01-28,10,3580,1.21688901953209,0.679158693134388,-0.163040391440619,1.06182819710299,0.401814037946551,0.0154411591795968,0.178672763391676,15.0245810055865,0.0812849162011173,0.203351955307263,0.633240223463687,0.082122905027933
62,4,warmed,2020-03-10,10,4770,1.34782526542781,0.752235603369513,-0.222981209146539,1.04784123914466,0.365497791227899,0.0181024712318599,0.229256202676883,16.0884696016775,0.10062893081761,0.272955974842767,0.556603773584906,0.069811320754717
63,4,warmed,2021-12-15,10,198,1.25264749347551,0.699115877431467,-0.570658001656008,1.06540744405928,0.216801868058104,0.0160644195726612,0.351780354691493,15.8282828282828,0.126262626262626,0.540404040404041,0.328282828282828,0.00505050505050505
64,4,warmed,2022-09-08,10,213,1.06460314794731,0.6614751272618,-0.551259436957311,1.03981538286093,0.215970235371011,0.00977508710020664,0.357766173923057,15.9530516431925,0.0751173708920188,0.549295774647887,0.375586854460094,0
65,4,warmed,2022-11-16,10,243,1.19985445660914,0.7455114902783,-0.478968382646196,1.0503445433786,0.258909988314364,0.010379413027718,0.335200288193618,15.7201646090535,0.0987654320987654,0.526748971193416,0.374485596707819,0
66,4,warmed,2023-05-30,10,246,1.19694124492498,0.743701410087163,-0.571443510308798,1.03978719677717,0.20586013951361,0.0101913205086513,0.373461879746884,16.4715447154471,0.0975609756097561,0.569105691056911,0.333333333333333,0
67,4,warmed,2023-12-27,10,534,1.33860261470407,0.831720568008478,-0.535307648133049,1.07513220457498,0.242508067712709,0.0112138961252219,0.337892586325357,16.2359550561797,0.162921348314607,0.49438202247191,0.342696629213483,0
68,4,warmed,2024-04-16,10,230,1.29307795750435,0.803434508106439,-0.514216594334392,1.03169804570472,0.227225781661129,0.0147928320621241,0.367354365934156,16.2565217391304,0.126086956521739,0.569565217391304,0.304347826086957,0
69,4,warmed,2024-04-30,10,311,1.29984705963225,0.807640387734105,-0.579598478946774,1.06845422753518,0.212756967785091,0.0125717484855357,0.354086266677145,16.9871382636656,0.141479099678457,0.517684887459807,0.340836012861736,0
148,4,warmed,2017-05-31,30,99,1.11997011738008,0.695876559591075,-0.60111475825186,0.938962468946081,0.126380220974058,0.0175792695143511,0.496728376950273,20.6666666666667,0.121212121212121,0.777777777777778,0.101010101010101,0
149,4,warmed,2017-11-22,30,237,1.29814203777464,0.806580998089786,-0.527764042584495,0.984621835438741,0.175871029033874,0.0282384360916467,0.440289682938801,17.8945147679325,0.122362869198312,0.645569620253165,0.232067510548523,0
150,4,warmed,2017-12-06,30,249,1.18935840149114,0.738989924558423,-0.571998565845337,0.992348006924048,0.184335105386364,0.00799723160019946,0.404105591426889,20.1244979919678,0.0963855421686747,0.610441767068273,0.293172690763052,0
152,4,warmed,2018-01-30,30,267,1.2656014409378,0.706345613165956,-0.479454868214392,1.0400721813304,0.253351533095699,0.00914719709492924,0.336175447474111,16.6966292134832,0.0898876404494382,0.50936329588015,0.389513108614232,0.0112359550561798
153,4,warmed,2018-02-27,30,63,0.963787739290469,0.695225895971973,-0.411099911352201,0.911558623976051,0.214969019512818,0.0118937726098851,0.418937706284672,17.0793650793651,0.0158730158730159,0.682539682539683,0.301587301587302,0
154,4,warmed,2018-05-09,30,690,1.28174326391861,0.796391867009095,-0.558086035546617,1.04890971136295,0.217739783699688,0.0107678152178371,0.353140095315824,18.8057971014493,0.123188405797101,0.495652173913044,0.381159420289855,0
155,4,warmed,2018-11-07,30,376,1.26054237065379,0.703522092279979,-0.514427233166665,1.03080128292945,0.234497226937173,0.00720253346408324,0.34847821962647,18.375,0.101063829787234,0.529255319148936,0.36436170212766,0.00531914893617021
156,4,warmed,2019-09-10,30,515,1.1560965918881,0.645229793252429,-0.550391888244829,1.05188856957292,0.23029936914787,0.0050321674972513,0.334029879868421,17.1592233009709,0.0854368932038835,0.497087378640777,0.415533980582524,0.00194174757281553
157,4,warmed,2019-12-03,30,565,1.05145278982056,0.65330435035568,-0.498148494581137,1.00694386461033,0.23609433218512,0.00289281915875621,0.35046286782684,17.4831858407079,0.0442477876106195,0.52212389380531,0.433628318584071,0
158,4,warmed,2020-01-14,30,535,1.23748608682885,0.690654135268503,-0.551120923098747,1.04464243525741,0.223758208372308,0.00627664699332825,0.346104690033676,17.8355140186916,0.102803738317757,0.51214953271028,0.381308411214953,0.00373831775700935
159,4,warmed,2020-02-25,30,324,1.15557682257618,0.718000249433973,-0.543752394768545,1.0446048921575,0.227793691607062,0.00586372654806807,0.343916801099788,16.6358024691358,0.0925925925925926,0.533950617283951,0.373456790123457,0
160,4,warmed,2020-03-10,30,634,1.23886746919032,0.691425099443766,-0.592285464067005,1.04580499262742,0.205701756472572,0.0057761819777592,0.361751128151278,19.1703470031546,0.113564668769716,0.512618296529969,0.372239747634069,0.00157728706624606
161,4,warmed,2020-07-28,30,263,1.01543099058402,0.732478627240266,-0.501904078611227,0.964435732149765,0.212524828536125,0.00232974941413187,0.383378043058354,17.4334600760456,0.0304182509505703,0.619771863117871,0.349809885931559,0
162,4,warmed,2020-09-09,30,156,1.06419014062853,0.661218511386414,-0.558661485166672,0.954591186669458,0.180237639698635,0.0018129873188382,0.416030130974144,18.3653846153846,0.0512820512820513,0.66025641025641,0.288461538461538,0
163,4,warmed,2020-10-06,30,437,1.18849418362804,0.738452955809005,-0.495969337828664,1.01087017724166,0.218544168122678,0.0187311089723661,0.371270407473543,15.8512585812357,0.0663615560640732,0.540045766590389,0.393592677345538,0
164,4,warmed,2020-11-05,30,214,0.989488376740248,0.713764987070213,-0.485744896643233,0.975032252826926,0.230475320728265,0.00046848406253335,0.359501240668602,17.1168224299065,0.0186915887850467,0.574766355140187,0.406542056074766,0
165,4,warmed,2020-12-29,30,261,1.17756484870462,0.731662178209587,-0.528237244702685,1.01410957866252,0.220550309099072,0.0065415917259884,0.353117005904267,17.1111111111111,0.0689655172413793,0.551724137931035,0.379310344827586,0
166,4,warmed,2021-02-09,30,282,1.13145869730403,0.703014815646306,-0.557362105387237,1.00967282138126,0.202102781248335,0.00597951331770953,0.372679867759219,17.3723404255319,0.0638297872340426,0.570921985815603,0.365248226950355,0
167,4,warmed,2021-06-03,30,132,1.06990528635131,0.664769531080075,-0.550173267233373,0.926101345920236,0.164245887448424,0.00398244432335341,0.44800934260887,19.1666666666667,0.0454545454545455,0.712121212121212,0.242424242424242,0
168,4,warmed,2021-12-15,30,442,1.05606015148217,0.656167065112186,-0.510747718106699,0.990763768422906,0.22245059727384,0.00266602717878965,0.363773518538664,17.3778280542987,0.0339366515837104,0.549773755656109,0.411764705882353,0.00452488687782806
169,4,warmed,2023-05-30,30,187,1.05362480148888,0.65465389708348,-0.532300219730749,0.951241754462144,0.184797536608049,0.00562883117345732,0.415430403849716,18.8823529411765,0.0374331550802139,0.647058823529412,0.315508021390374,0
70,5,control,2017-05-31,10,461,1.12629355125047,0.628596399569029,-0.400810628031344,1.04875056352914,0.302624139036957,0.00697757727587811,0.280710439996859,14.8980477223428,0.0433839479392625,0.418655097613883,0.522776572668113,0.0151843817787419
71,5,control,2018-10-10,10,151,1.0032350211508,0.7236810949302,-0.467919180870329,1.05206717756322,0.277329280232401,0.00120444759954944,0.286216420451146,14.6490066225166,0.033112582781457,0.456953642384106,0.509933774834437,0
72,5,control,2018-10-23,10,1125,1.2744919007508,0.711307473262518,-0.509964138646522,1.09708293642184,0.258902817615776,0.01694546705033,0.300377697513272,14.8551111111112,0.129777777777778,0.376,0.486222222222222,0.008
73,5,control,2019-09-10,10,1570,1.22835412142772,0.685557488336829,-0.406934343554849,1.1110392469724,0.319374890382,0.0107347266200654,0.229678217071432,14.8464968152866,0.108917197452229,0.294904458598726,0.564968152866242,0.0312101910828026
74,5,control,2019-12-17,10,536,1.09208972004606,0.60950687790508,-0.448535268646629,1.03973666776068,0.276991310434168,0.00437889941244664,0.305408107204636,15.7611940298508,0.0447761194029851,0.460820895522388,0.485074626865672,0.00932835820895522
75,5,control,2020-01-28,10,370,0.960237230468424,0.535918602334567,-0.409628099161373,1.05639285522614,0.308369530753758,0.00194044238244022,0.263817512213931,14.6945945945946,0.0243243243243243,0.416216216216216,0.554054054054054,0.00540540540540541
76,5,control,2020-02-25,10,732,1.20573252099459,0.672932132745505,-0.478440498841957,1.09625002533608,0.291750083726194,0.00430386352878301,0.265027763639178,14.9002732240437,0.0846994535519126,0.370218579234973,0.523224043715847,0.0218579234972678
77,5,control,2020-03-10,10,695,1.1029263359039,0.615554908371196,-0.448661982010686,1.07558088733508,0.295983794420518,0.00355193788404241,0.269461210017762,14.6244604316547,0.0503597122302158,0.384172661870504,0.545323741007194,0.0201438848920863
78,5,control,2020-07-28,10,1079,1.07591235278769,0.600478117328562,-0.381151925975785,1.07028493421283,0.320320145627103,0.00673176152752863,0.248495882968206,14.9592215013901,0.0491195551436515,0.342910101946247,0.575532900834106,0.0324374420759963
79,5,control,2020-09-09,10,886,1.09022638393258,0.608466930219312,-0.400050812785564,1.08313512470919,0.320029069690771,0.00570521563624826,0.244770496103161,14.7945823927765,0.0586907449209932,0.347629796839729,0.564334085778781,0.0293453724604966
80,5,control,2020-10-06,10,746,1.15907860390783,0.646894085849142,-0.471651626426407,1.06438363599561,0.278319465239662,0.00470283526921083,0.289715111986819,15.5951742627346,0.0670241286863271,0.412868632707775,0.506702412868633,0.0134048257372654
81,5,control,2020-11-05,10,1320,1.25286497328249,0.699237255222801,-0.443095078793492,1.05681739768027,0.280209502964677,0.00778399895522793,0.29673545287314,16.1219696969697,0.0863636363636364,0.393181818181818,0.493939393939394,0.0265151515151515
82,5,control,2021-02-09,10,1023,1.2842912066824,0.716776570035771,-0.486639518493949,1.06412179365715,0.261338605136796,0.0090029197413119,0.313935921795452,16.4711632453568,0.105571847507331,0.434017595307918,0.447702834799609,0.0127077223851417
83,5,control,2021-02-23,10,1686,1.34367982167007,0.749921987156548,-0.476998850055294,1.07716268309619,0.268481897177113,0.0112092359649195,0.30367960198975,16.6364175563463,0.129893238434164,0.392052194543298,0.459667852906287,0.0183867141162515
84,5,control,2021-06-03,10,996,1.19649700009267,0.667777690388408,-0.506229997455514,1.05897671218542,0.250271539820038,0.00800819606528272,0.316994737258228,16.2319277108433,0.0803212851405623,0.427710843373494,0.482931726907631,0.00903614457831325
85,5,control,2021-12-15,10,2342,1.37403805093085,0.76686523751027,-0.491220082567184,1.07049423378533,0.248623859693026,0.0186903033458625,0.328031907010744,17.0922288642186,0.141759180187874,0.400939368061486,0.444918872758326,0.0123825789923143
86,5,control,2022-08-23,10,1008,1.22794260712164,0.68532781782963,-0.511347091731356,1.08030440424039,0.263515500172885,0.00625613675593838,0.300134054369023,15.7142857142857,0.0972222222222222,0.393849206349206,0.498015873015873,0.0109126984126984
87,5,control,2022-09-08,10,294,0.939144401725649,0.524146470469198,-0.44151202287904,1.03816981089069,0.279864094070934,0.00367863616110284,0.289509267329254,15.1360544217687,0.0204081632653061,0.45578231292517,0.520408163265306,0.00340136054421769
88,5,control,2022-11-16,10,1135,1.23305197663125,0.68817941124792,-0.479070082422155,1.03765422902685,0.252933280167026,0.0079305254989756,0.329283871848823,16.9418502202643,0.0845814977973568,0.445814977973568,0.459911894273128,0.00969162995594714
170,5,control,2017-12-06,30,87,1.36989348165593,0.851162676778327,-0.644340902287603,1.10693612608759,0.175816579201482,0.0311310380353298,0.405370801773448,16.3563218390805,0.241379310344828,0.551724137931035,0.206896551724138,0
171,5,control,2018-03-27,30,78,1.31023017947283,0.81409178282078,-0.633425063612576,1.03336346636405,0.148893803414514,0.0263540785810682,0.450971197047889,18.5641025641026,0.166666666666667,0.628205128205128,0.205128205128205,0
172,5,control,2018-05-09,30,315,1.27680864058465,0.793325813142808,-0.655913168806344,1.0589013932777,0.170243176455514,0.0126810938773126,0.3784870204861,19.4857142857143,0.152380952380952,0.526984126984127,0.320634920634921,0
173,5,control,2020-07-28,30,371,1.27496014205189,0.792177276427922,-0.643428232590152,1.04404572867775,0.177032069082153,0.00689054233763225,0.382837826239879,21.3342318059299,0.159029649595687,0.55256064690027,0.288409703504043,0
174,5,control,2020-10-06,30,290,1.31302180645984,0.81582631819207,-0.669995473087645,1.03099517831024,0.155313854211858,0.0088027066674204,0.406637566940857,21.6103448275862,0.179310344827586,0.582758620689655,0.237931034482759,0
175,5,control,2020-11-05,30,186,1.19406844943895,0.741916441891847,-0.713885569641208,1.05089195426477,0.1443693195903,0.0050841345772605,0.397943687859302,20.3494623655914,0.155913978494624,0.56989247311828,0.274193548387097,0
176,5,control,2021-02-23,30,130,1.17705705791039,0.731346670049683,-0.611414787805335,0.994772181047101,0.165002511253273,0.00720203850263088,0.416275508829032,18.9384615384616,0.115384615384615,0.661538461538462,0.223076923076923,0
177,5,control,2022-08-23,30,28,1.45505833665224,0.904078576384238,-0.72312522366713,1.10220883985858,0.168197603195599,0.00995432768034669,0.400159855845777,24.4642857142857,0.285714285714286,0.5,0.214285714285714,0
178,5,control,2022-09-08,30,13,1.52470739303014,0.947353968270941,-0.269607792834338,1.03453462084865,0.316082913416129,0.0396552764973818,0.357330153881878,12.4615384615385,0.307692307692308,0.538461538461538,0.153846153846154,0
179,5,control,2022-11-01,30,96,1.12070454717754,0.808417446257373,-0.720707889949507,1.02317644198318,0.127248235643834,0.00428010831647509,0.431755064675466,21.7604166666667,0.197916666666667,0.645833333333333,0.15625,0
180,5,control,2023-01-12,30,280,1.12360429813979,0.698134603055584,-0.555356168851548,1.0147643054757,0.210417848861928,0.0036722524221702,0.366656105512635,16.75,0.075,0.578571428571429,0.346428571428571,0
181,5,control,2023-02-07,30,358,1.04319218549998,0.648171748310727,-0.528516211708537,0.99132744610479,0.212192219838742,0.00359870315194964,0.375744062047734,17.6256983240224,0.0446927374301676,0.589385474860335,0.365921787709497,0
182,5,control,2023-05-02,30,491,1.09657015443689,0.612007455950169,-0.56439064272841,1.06731871449812,0.229582717113419,0.00819817184328789,0.323971679399101,15.6517311608961,0.0590631364562118,0.462321792260693,0.474541751527495,0.00407331975560081
183,5,control,2023-10-03,30,650,1.1021231467782,0.684787613280064,-0.549486379417149,1.03553072454769,0.213026990125812,0.0111499103137982,0.355648634758467,16.256923076923,0.0523076923076923,0.5,0.447692307692308,0
184,5,control,2024-04-30,30,480,1.20223113024401,0.670977969359896,-0.557051704480358,1.06238318444044,0.22236754031546,0.0123401342389763,0.339901467498423,15.3875,0.08125,0.483333333333333,0.43125,0.00416666666666667
89,6,warmed,2017-05-31,10,645,1.24520835648764,0.694964016026164,-0.347294797075855,1.05120253119813,0.333415187018446,0.00595534483882858,0.255023159340681,14.677519379845,0.0573643410852713,0.365891472868217,0.513178294573643,0.0635658914728682
90,6,warmed,2018-10-10,10,721,1.23519208960085,0.689373831038275,-0.476308859996864,1.03268471197836,0.240306059878742,0.017859665756011,0.353522311065948,16.0846047156727,0.087378640776699,0.489597780859917,0.420249653259362,0.00277392510402219
91,6,warmed,2018-10-23,10,1141,1.27429737659719,0.711198907265266,-0.494651235679961,1.05774720103331,0.236749131859206,0.0260471659966366,0.339473227201711,15.31638913234,0.101665205959684,0.434706397896582,0.456617002629273,0.007011393514461
92,6,warmed,2019-09-10,10,825,1.21574352455024,0.678519380212358,-0.504598377466625,1.04538772626483,0.247217872806388,0.00756106301613393,0.324548784507111,17.0181818181818,0.0812121212121212,0.458181818181818,0.453333333333333,0.00727272727272727
93,6,warmed,2019-12-17,10,759,1.1855872881426,0.661688864216463,-0.528513609019494,1.0219624699861,0.222283715949976,0.00734630682413634,0.357907034208932,17.1146245059289,0.0711462450592885,0.517786561264822,0.408432147562582,0.00263504611330698
94,6,warmed,2020-01-28,10,1201,1.1781918189503,0.657561374271908,-0.243749216076545,1.0724607473864,0.392329889905819,0.00660405843593971,0.191800137896808,13.9750208159867,0.0549542048293089,0.249791840133222,0.587010824313072,0.108243130724396
95,6,warmed,2020-02-25,10,395,1.09054215520211,0.608643165520396,-0.543833574440026,1.05783038527975,0.239371619485082,0.00324542237725318,0.31728553115832,15.6810126582278,0.0556962025316456,0.445569620253165,0.493670886075949,0.00506329113924051
96,6,warmed,2020-03-10,10,1335,1.31988726435911,0.736643108088474,-0.46290647781462,1.07010481468851,0.277231786703224,0.00843685545121732,0.293538346085942,16.3737827715357,0.103370786516854,0.38501872659176,0.478651685393258,0.0329588014981273
97,6,warmed,2020-07-28,10,777,1.19046027255749,0.664408528601427,-0.47302877667428,1.05088411470018,0.266742183802616,0.00692877739202838,0.306957965310073,15.8249678249678,0.0669240669240669,0.438867438867439,0.481338481338481,0.0128700128700129
98,6,warmed,2020-09-09,10,810,1.19510063827465,0.666998366019261,-0.479848164961101,1.04077585707543,0.25839473779677,0.00633699530708323,0.317104098401129,16.2234567901235,0.0617283950617284,0.458024691358025,0.464197530864198,0.0160493827160494
99,6,warmed,2020-10-06,10,748,1.22003184824267,0.680912739235191,-0.54087770643238,1.03300542527228,0.223836066035054,0.00686756532365589,0.349217992440026,17.7566844919786,0.0855614973262032,0.502673796791444,0.407754010695187,0.00401069518716578
100,6,warmed,2020-11-05,10,1639,1.27710862910882,0.71276789716593,-0.304787741107853,1.06015508249113,0.346887083606243,0.01126841319097,0.24304401663648,14.6699206833434,0.0780964002440513,0.316046369737645,0.541793776693106,0.0640634533251983
101,6,warmed,2021-02-09,10,311,1.1140332732725,0.62175380814505,-0.493517188494161,1.00096681154664,0.235991487853036,0.00266602108518908,0.354129406858293,17.0289389067524,0.0482315112540193,0.543408360128617,0.405144694533762,0.00321543408360129
102,6,warmed,2021-02-23,10,768,1.23744351678466,0.690630376474464,-0.489894123462548,1.0270164220267,0.248832491472253,0.00525537379482479,0.336641260853693,17.3541666666667,0.0755208333333333,0.486979166666667,0.424479166666667,0.0130208333333333
103,6,warmed,2021-06-03,10,806,1.26144627240132,0.704026569450638,-0.559009405554992,1.06970215043669,0.232377067330196,0.00883383680870291,0.332088331764407,16.1736972704715,0.107940446650124,0.466501240694789,0.420595533498759,0.00496277915632754
104,6,warmed,2021-12-15,10,189,1.17013847264842,0.727047911328692,-0.587555794186129,0.985445188144702,0.174145970053199,0.00773089006744326,0.418942671239169,18.8835978835979,0.0899470899470899,0.645502645502646,0.264550264550265,0
105,6,warmed,2022-08-23,10,261,1.05310939215692,0.65433365525993,-0.546668672749591,0.959024182587356,0.184073452647485,0.00494081516968354,0.418299148137821,18.1992337164751,0.0421455938697318,0.647509578544061,0.310344827586207,0
106,6,warmed,2022-09-08,10,72,0.920643142239845,0.572027746536349,-0.650197811842274,0.912485281256611,0.10363433621045,0.0039390589141833,0.506661274479838,18.6805555555556,0.0555555555555556,0.819444444444445,0.125,0
107,6,warmed,2022-11-16,10,545,1.24223380209259,0.693303885609035,-0.545909673539146,1.00091072493067,0.201320952573703,0.00912027892918841,0.391972934910907,19.3614678899083,0.0972477064220184,0.579816513761468,0.321100917431193,0.0018348623853211
185,6,warmed,2017-12-06,30,526,1.20575161131999,0.672942787258973,-0.367000981420255,1.12188724858114,0.35713348571292,0.00868506889133134,0.194627962661491,12.6653992395437,0.0855513307984791,0.271863117870722,0.581749049429658,0.0608365019011407
186,6,warmed,2020-09-09,30,1485,1.3095662752752,0.730882854404223,-0.443614824831016,1.06723244941067,0.284501243949486,0.00964845164484437,0.287755232375756,16.4074074074073,0.1003367003367,0.374410774410774,0.496296296296296,0.028956228956229
187,6,warmed,2020-10-06,30,426,0.98776790923145,0.55128376670838,-0.348918266727753,1.13981229295941,0.383338846299381,0.00470715800953361,0.157743106986438,12.2934272300469,0.0586854460093897,0.215962441314554,0.669014084507042,0.0563380281690141
188,6,warmed,2021-02-23,30,1013,1.1633776425098,0.649293424976857,-0.232704210044698,1.11015049838269,0.422033506513252,0.00561148876545905,0.158482244142738,12.5320829220138,0.0789733464955577,0.195459032576505,0.618953603158934,0.106614017769003
189,6,warmed,2022-08-23,30,74,1.17113505480845,0.727667122639878,-0.576209321353557,0.967116339453342,0.141073413165057,0.0241199240379515,0.474291693582046,19.9189189189189,0.108108108108108,0.689189189189189,0.202702702702703,0
190,6,warmed,2022-09-08,30,236,1.16533441945453,0.724062985251842,-0.514392613179065,0.97124054875737,0.192046884712667,0.0143324193674622,0.415653710678779,18.4279661016949,0.0720338983050848,0.635593220338983,0.292372881355932,0
191,6,warmed,2022-11-01,30,196,1.42205405656702,0.883571864177298,-0.675769680083683,1.10736065411594,0.161022085130744,0.0277629458259816,0.388574540621424,19.8622448979592,0.260204081632653,0.545918367346939,0.193877551020408,0
192,6,warmed,2023-01-12,30,174,1.37630703456479,0.855147641255244,-0.593160202947364,1.05600892587119,0.178904069011797,0.0250026262606278,0.40600461920106,17.7586206896552,0.201149425287356,0.597701149425287,0.201149425287356,0
193,6,warmed,2023-02-07,30,295,1.43612522145465,0.892314770491936,-0.617549087306428,1.07777461134773,0.18336986600369,0.0257376612042411,0.387108691802611,19.8576271186441,0.203389830508475,0.515254237288136,0.28135593220339,0
194,6,warmed,2023-05-02,30,211,1.45491814236441,0.812005276015777,-0.541278527851534,1.10265434793224,0.20128446190218,0.0478751701142149,0.383066290331761,18.9383886255924,0.208530805687204,0.507109004739337,0.279620853080569,0.004739336492891
195,6,warmed,2023-10-03,30,387,1.29016980841703,0.801627573483584,-0.565495941880118,1.02208321615607,0.179887806542478,0.0256286332559324,0.414579136362201,17.0439276485788,0.116279069767442,0.578811369509044,0.304909560723514,0
196,6,warmed,2024-04-30,30,520,1.22910715576435,0.763687214193592,-0.523081905692379,1.03908720483386,0.197073601774007,0.0354458270836252,0.393522259257159,15.8038461538462,0.0884615384615385,0.490384615384615,0.421153846153846,0
