sample_num,sample_name_raw,sample_is_extra,sample_date,plot,treatment,treatment_raw,depth,sample_run_n,sample_first_run,sample_last_run,total_peak_area_mean,total_peak_area_sd,formula_detected_n_mean,formula_detected_n_sd,delGcat_wmean,delGcat_wmean_sd,lambda_wmean,lambda_wmean_sd,cue_wmean,cue_wmean_sd,nosc_wmean,nosc_wmean_sd,ne_wmean,h_to_c_wmean,o_to_c_wmean,frac_CHO,frac_CHON,frac_CHOS,frac_CHOP,frac_N_containing,frac_P_containing,frac_S_containing
1,1,FALSE,2017-05-31,1,control,Control treatment,0-10 cm,2,2024-10-09,2024-10-14,9902666344.73466,752012037.700673,276.5,54.4472221513642,-11865.8419313681,318.714631261378,0.0424801174699765,0.000359521888626821,0.547208178172705,0.000328758296117282,-0.545602629877936,0.00380338251881155,102.966577619029,1.24404533230283,0.330467729536626,0.627752677585758,0.0455194749466982,0.265267726953799,0,0.0997514129277537,0.0442015462214106,0.289754483778824
2,2,FALSE,2017-12-06,1,control,Control treatment,0-10 cm,2,2024-10-09,2024-10-14,19830518948.834,2975186872.26163,699,19.7989898732233,-12714.2819073257,90.2426596746196,0.0385815526721517,0.000380197823337507,0.538561811832524,0.000684485185311606,-0.458893915926904,0.00695539151396192,110.050580100941,1.18424215228174,0.348682890344048,0.711214760351315,0.0589523468369017,0.209039614735882,0,0.0727696389438426,0.0122773290563641,0.224851815566378
3,3,FALSE,2018-05-09,1,control,Control treatment,0-10 cm,2,2024-10-09,2024-10-14,13372861310.8305,2210264501.77106,802.5,21.920310216783,-13751.6801083382,360.78244328599,0.037801135706209,0.00028846253595004,0.539875480669829,0.00139476138449418,-0.471272145355976,0.0139037711729638,119.1754556705,1.1667886779195,0.328526830923473,0.636004418800174,0.0802960823108349,0.227170474158379,0,0.125100334388043,0.029779333811189,0.268332671470917
4,4,FALSE,2018-05-22,1,control,Control treatment,0-10 cm,3,2024-10-09,2024-10-24,13528684427.1674,703851665.667284,246,5.29150262212918,-11600.2390646243,135.833250259994,0.0409560901548869,0.000518248358245115,0.549635465727677,0.00116285880922135,-0.56898203542009,0.0116118020506671,100.702845744421,1.25526937970418,0.325187536532916,0.630306617431209,0.0314932013493183,0.3042797464211,0,0.056336659106696,0.0277425674138329,0.319534590846634
5,5,FALSE,2018-10-10,1,control,Control treatment,0-10 cm,2,2024-10-09,2024-10-14,13882927195.8027,2104485947.68567,324,24.0416305603426,-12082.1375660109,70.7043005571056,0.0389511083059221,0.000105355882807936,0.547783011662214,0.00234833231934404,-0.550029871208958,0.0236372938353176,104.814034555814,1.24094750879433,0.326277197775688,0.624603233850333,0.039164606759989,0.265408017008817,0,0.0921937773991344,0.0562553029979158,0.297771828133477
6,6,FALSE,2018-11-07,1,control,Control treatment,0-10 cm,2,2024-10-09,2024-10-14,11949625931.1092,2812055324.74384,424.5,19.0918830920368,-13262.0898692301,386.793845614733,0.0366751528109065,0.000365313491127865,0.544076590870285,0.00103511635711208,-0.51382618944704,0.011369240273903,114.991279342807,1.17598346428839,0.311000486244199,0.623666074812958,0.0595779671446719,0.245195929074698,0.000675186126232034,0.121952355822108,0.0388287573888827,0.287096625812295
7,7,FALSE,2019-09-10,1,control,Control treatment,0-10 cm,4,2024-10-08,2024-10-24,23164943646.0711,5395551292.2771,759,38.8672955923958,-13225.4176200098,650.750861100155,0.0368478593781669,0.00106224156919255,0.539399204339074,0.000435867029693701,-0.466663591012126,0.00457562149517002,114.530643323045,1.1718669001494,0.335339674940545,0.669330402703712,0.0596019623760349,0.216598356240215,0.000310426701885885,0.095128417668842,0.0281443317950585,0.262322764217589
8,8,FALSE,2019-12-03,1,control,Control treatment,0-10 cm,2,2024-10-09,2024-10-14,22333085313.7217,2443602486.22835,463,5.65685424949238,-12511.99484806,71.8770766158909,0.0379357905567534,5.47078537975176e-06,0.53621893092898,0.000407270462009586,-0.432418922262138,0.00395922583076566,108.093986540079,1.16586199053029,0.3529660212276,0.691995806587238,0.017561621295703,0.257492164249515,0,0.042947748378226,0.00889095964802576,0.289881229394847
9,9,FALSE,2020-01-28,1,control,Control treatment,0-10 cm,3,2024-10-09,2024-10-24,44816560646.1898,4128955521.12007,1009.33333333333,107.704843592725,-11977.4352608239,416.080909452158,0.0405281986009453,0.000876627685204428,0.526317762810074,0.00125000361791399,-0.332649573254177,0.0127765583235609,103.163908366063,1.17415932261401,0.40866238038717,0.757005368853087,0.0409546028559164,0.17401228084631,0,0.0561265815793221,0.0145198850872126,0.200957146679307
10,10,FALSE,2021-12-15,1,control,Control treatment,0-10 cm,2,2024-10-09,2024-10-14,20527934206.5997,2801682542.34055,532.5,3.53553390593274,-14142.8646993166,38.3097763149741,0.0350146030441016,0.000345893688027102,0.546636873688872,0.00133857992386385,-0.539587225939646,0.0127069444372426,122.790036764798,1.07100894199224,0.231687850460885,0.386497605090723,0.129237408617817,0.450452300033165,0,0.149670010262628,0.0157642465753908,0.482859250087522
11,11,FALSE,2022-08-23,1,control,Control treatment,0-10 cm,2,2024-10-09,2024-10-14,14131671688.7919,448043362.424634,606.5,19.0918830920368,-15499.992124976,162.070960496099,0.0332703775617159,0.000320815772539867,0.545881308231189,4.57644389096956e-05,-0.53101669011027,0.00105488034387184,134.581210746252,1.02430330614605,0.214508733110686,0.395542111731897,0.108813336015404,0.425607067252914,0,0.17234045140947,0.0213221910065703,0.488697228958852
12,12,FALSE,2022-09-08,1,control,Control treatment,0-10 cm,2,2024-10-09,2024-10-14,32548151632.478,113464229.625478,529,22.6274169979695,-13644.8501623179,125.229834235796,0.0355303434155902,0.000158827854441166,0.543233252289479,0.000936664703841333,-0.502637527368922,0.00936221551553737,118.180307465448,1.10170089028706,0.274526592441019,0.500833098319795,0.0682984951065351,0.379004103031024,0,0.1067837319274,0.020294722402553,0.427701502183122
13,13,FALSE,2022-11-16,1,control,Control treatment,0-10 cm,3,2024-10-09,2024-10-24,22845965065.8828,2880123779.01335,1090.66666666667,155.448812582578,-15121.3522950476,417.796782654493,0.0338238309798486,0.000447722665619521,0.541946859415214,0.00134867680787224,-0.491170297425757,0.0126863224863509,131.163004870328,1.04840334758349,0.249243510333793,0.455441349545025,0.109161615675187,0.360783658875597,0.000548049244067873,0.173666474519588,0.0221971685420502,0.427460805546472
14,14,FALSE,2017-05-31,2,warmed,Warming treatment,0-10 cm,2,2024-10-09,2024-10-14,48317162917.8819,4902825016.07847,1725.5,126.572113832392,-11683.3332847841,75.6266279758593,0.0429826436833466,0.000151246660912234,0.532498219471447,0.00124260808540033,-0.395284518280281,0.0123556518428601,100.926561142686,1.19602168708735,0.378248143604677,0.626065562662989,0.102672133647656,0.208054125152408,0.00404365023705062,0.145918590212189,0.0440928097568514,0.244604681607214
15,15,FALSE,2017-12-06,2,warmed,Warming treatment,0-10 cm,2,2024-10-09,2024-10-14,16653797491.9926,3335312477.24572,763,22.6274169979695,-14203.836746205,946.315293504105,0.0377156167640399,0.000387665488651493,0.555171630807131,0.000434455077280236,-0.626442126376677,0.00499217957188364,123.649184319005,1.16313457567906,0.23712248299366,0.389303178046707,0.142758903299367,0.334512136260622,0.0323524635711017,0.236421040589055,0.066180936135725,0.413174183505047
16,16,FALSE,2018-05-09,2,warmed,Warming treatment,0-10 cm,3,2024-10-09,2024-10-24,34576163017.1222,2308085347.59545,1333.33333333333,88.325156854281,-14163.6044194099,44.0642754162862,0.0344577024103588,0.000282190502814058,0.552345731941222,0.00309084524933219,-0.591019107631911,0.0304861706886886,123.051822721931,1.1374839043504,0.264249707117933,0.442586006988662,0.0491966051090336,0.389681082366151,0.0762657778273886,0.0781612852688142,0.094872219187503,0.427654648144802
17,17,FALSE,2018-05-22,2,warmed,Warming treatment,0-10 cm,2,2024-10-09,2024-10-14,34909239133.1803,259499523.36122,1544,28.2842712474619,-14898.6137600564,42.9098337955069,0.033041640394039,0.00015654883883061,0.556255100232157,0.000150003268013545,-0.636067707322139,0.0013469038780476,129.689563667439,1.07037574544178,0.190479357590917,0.274046533044201,0.156890963638892,0.465475723102858,0.0642614139725599,0.18677248593363,0.0823053255700907,0.498396720746254
18,18,FALSE,2018-10-10,2,warmed,Warming treatment,0-10 cm,3,2024-10-08,2024-10-14,26916979062.5344,6089175568.49387,733,53.507008886687,-14512.6156672828,527.944791987783,0.031418823642692,0.000860207376858736,0.571648528271285,0.00277939873841798,-0.785167561695877,0.0277228113746908,126.711072870271,1.20136128691892,0.205395799670112,0.307782779594569,0.0525733860596539,0.456708323238275,0.135879375456551,0.0880009847227915,0.156615831886757,0.497135589405521
19,19,FALSE,2018-11-07,2,warmed,Warming treatment,0-10 cm,2,2024-10-09,2024-10-14,50169998386.4317,1957782660.48116,1843,72.1248916810279,-14861.3284667097,296.459368672451,0.033045384642363,0.000404005314295791,0.558828461310226,0.000756728512954689,-0.66453336049415,0.0076815415556216,129.621329387636,1.13779759338067,0.204808348221262,0.275802531951734,0.20608050281162,0.408120357193127,0.0531737924679487,0.233041486888644,0.091996516828865,0.45781397705662
20,20,FALSE,2019-09-10,2,warmed,Warming treatment,0-10 cm,2,2024-10-09,2024-10-14,60757515690.7615,1240338708.87265,2447.5,34.6482322781408,-12234.654480965,68.6454684801818,0.0414199338294624,7.07955049739079e-05,0.540800093076966,0.00023570313260234,-0.483948519174745,0.00255612484910627,105.987243886491,1.17784678411893,0.299940068129078,0.373719297929888,0.297885508815925,0.215681985406825,0.0257197968158301,0.331791214279135,0.093000557475322,0.290419193767678
21,21,FALSE,2019-12-03,2,warmed,Warming treatment,0-10 cm,2,2024-10-09,2024-10-14,18486560058.673,3800487261.99287,1347,765.089537243845,-17662.8613817457,2775.41193887833,0.0285265736066443,0.00186907799186039,0.560620244021415,0.0016209488724935,-0.673997598008687,0.0143542894763344,154.005696991798,1.08872963321458,0.194832208730237,0.293373128044487,0.0534374764019477,0.453449754893199,0.0801077145396128,0.155709325467237,0.123504856790523,0.560439454867517
22,22,FALSE,2020-01-28,2,warmed,Warming treatment,0-10 cm,3,2024-10-09,2024-10-24,38852196755.9842,4317141978.554,1304,97.6165969494942,-14954.8356549279,65.7392731259656,0.0320004325889546,0.000350861788004204,0.556390398053935,0.00354481077144574,-0.636411163292926,0.0345165998160238,130.119536297595,1.08614524140483,0.198439593540709,0.277245463391989,0.158531781188319,0.434652123918639,0.0663935149596809,0.199884072974468,0.0993269339381438,0.48962977433199
23,23,FALSE,2021-12-15,2,warmed,Warming treatment,0-10 cm,2,2024-10-09,2024-10-14,11657273519.1761,1336589058.86538,531,24.0416305603426,-16077.0362481335,418.907683113984,0.0302560050861952,0.000100485917104449,0.570008479141532,0.000894589660070534,-0.769059654053768,0.00846940638843541,140.458213420339,1.15431777160263,0.184029508934096,0.257515539717573,0.0754057812585703,0.462540258510332,0.112839348034022,0.147616439040126,0.155153653560581,0.540546053563449
24,24,FALSE,2022-08-23,2,warmed,Warming treatment,0-10 cm,3,2024-10-08,2024-10-14,39071678872.5503,10694939197.0832,1128.33333333333,127.472872931198,-14880.8640865844,510.740434580419,0.0322776145784557,0.000518940220430164,0.558008120003713,0.00106249483912235,-0.647984908759802,0.0101526884636272,129.465448657283,1.11446188922171,0.221039402275487,0.360126624570578,0.038941652310989,0.478136799813751,0.0678234106880482,0.0815906244594906,0.0994731968058126,0.519654544974843
25,25,FALSE,2022-11-16,2,warmed,Warming treatment,0-10 cm,2,2024-10-09,2024-10-14,12183364809.585,2675855415.13903,388,4.24264068711929,-15075.9373905621,664.806313039935,0.03096964819749,0.000276332125198441,0.575503651285729,0.00106909918398907,-0.824774215149242,0.0121507001999777,131.773801476122,1.21124738806267,0.19188431652521,0.268395648935155,0.0779007876543081,0.421232184070216,0.15224091467332,0.141450912966233,0.198444606554905,0.477772141667481
26,26,FALSE,2017-10-20,3,control,Control treatment,0-10 cm,3,2024-10-08,2024-10-14,16176508919.4159,4347677616.97312,559,40.6324993078201,-13680.0228244883,1175.7438872874,0.0376777034307019,0.00130830548601139,0.565727284482303,0.00300236423098145,-0.729030477162555,0.0301531082594999,119.394917762295,1.20705740070031,0.219464502244872,0.3104192051136,0.135008650400605,0.309850170831143,0.0958679787967429,0.259895160818659,0.181987084484999,0.405412446420104
27,27,FALSE,2017-12-06,3,control,Control treatment,0-10 cm,2,2024-10-09,2024-10-14,62603160191.1062,3456975802.96284,2743,349.310749906154,-11640.937283318,988.353735950184,0.0432074488979375,0.00245711741191471,0.521966039733152,0.00458845608926487,-0.286032854860158,0.0461475859895472,100.045477567703,1.17181933210416,0.427759759187914,0.661580371148494,0.0912332573919656,0.188084619045358,0.0264932354643507,0.115792448163933,0.0401884331126946,0.216677490673508
28,28,FALSE,2018-01-17,3,control,Control treatment,0-10 cm,3,2024-10-09,2024-10-24,19861384370.6969,2649691525.56321,284.333333333333,51.597803570824,-12754.5349661464,667.272544976421,0.0340121064197264,0.000614710878960123,0.593212200689914,0.0123723333435138,-1.00008792783516,0.122822885395138,111.875194154042,1.41176236274507,0.21286517158268,0.21058007591445,0.0907399131198235,0.321182404654427,0.253825040600488,0.195360344851773,0.307338730822013,0.411096854166803
29,29,FALSE,2018-01-30,3,control,Control treatment,0-10 cm,3,2024-10-09,2024-10-24,32765454246.464,1767124542.82437,1128.66666666667,15.1767365837763,-13419.0836502757,290.653879268752,0.0362016547843226,0.000423982201622816,0.554721296233821,0.00211222421485664,-0.616385756613694,0.0205946659493384,116.652329424813,1.16859987530042,0.265948686022252,0.444743422126284,0.060366306349298,0.373177615232722,0.0756322991345704,0.0981464185503685,0.0985369426045251,0.406587486569496
30,30,FALSE,2018-02-13,3,control,Control treatment,0-10 cm,2,2024-10-09,2024-10-14,11394888718.6543,3769313317.25263,151.5,3.53553390593274,-12113.1214395606,731.330992770812,0.0380950293067096,0.000133328177560228,0.588229424006819,0.00160638128351315,-0.953089207280244,0.0150632517030318,106.279971621999,1.41075651445749,0.215917809186179,0.251714006721761,0.0903979435181947,0.398341226867833,0.165146613058819,0.170611059530919,0.206105717414806,0.467244112400037
31,31,FALSE,2018-02-27,3,control,Control treatment,0-10 cm,2,2024-10-09,2024-10-14,9197601804.12475,1582334677.25124,298,16.9705627484771,-14297.0049052058,760.243144897063,0.0345725241668503,0.000136785234405491,0.590077486155727,0.00140326661466834,-0.970241121897996,0.0131342318616252,125.558896673619,1.35599729616128,0.190089325509271,0.202858083189146,0.0790203093419065,0.411463693043979,0.188097868125034,0.184502272250064,0.239510740455897,0.501134910779767
32,32,FALSE,2018-05-09,3,control,Control treatment,0-10 cm,2,2024-10-09,2024-10-14,15451229437.0984,1801358167.409,488,32.5269119345812,-13891.7605844447,413.897424829497,0.0334373725156908,0.000174355975019746,0.592910288358928,0.00229488387755388,-0.997029292453821,0.0221806394071157,122.012124403515,1.39499529158883,0.188255384730975,0.126297824503405,0.104938831461284,0.423720283149014,0.204961078090371,0.227796924455039,0.271485854963498,0.526016017179018
33,33,FALSE,2018-05-22,3,control,Control treatment,0-10 cm,3,2024-10-09,2024-10-24,9606885877.59857,655997349.443905,142,8.18535277187245,-11974.4437740672,548.186033223143,0.0385324695093758,0.00142705298122323,0.590449993292468,0.00740210599762643,-0.98474010380878,0.073040214434647,105.319932460233,1.4360208541563,0.210925923285657,0.220417462923001,0.288183515066094,0.193014849581873,0.19422570244021,0.38229864256137,0.246973268079079,0.27525842458518
34,34,FALSE,2018-10-23,3,control,Control treatment,0-10 cm,3,2024-10-09,2024-10-24,14817542406.7468,2689011925.7404,194.333333333333,33.0807093837683,-12294.4383622707,142.256943856173,0.0363597378263452,0.000431934398378053,0.569890303114441,0.012596772133544,-0.773475040097301,0.124493831848734,107.208842160009,1.28003799652046,0.233631671778456,0.292004185219706,0.227083970143893,0.21054116961293,0.143154631929767,0.3230131894648,0.220847868477695,0.291350799931502
35,35,FALSE,2018-11-07,3,control,Control treatment,0-10 cm,2,2024-10-09,2024-10-14,9708002051.56999,586022020.653298,60,2.82842712474619,-11614.7095379468,457.718319452342,0.0343678987225273,0.000287022145217399,0.608340501570876,0.00468862717442251,-1.15931064840088,0.0469961369290319,102.495825814731,1.57938638098527,0.206843420525631,0.200299045261576,0.174544967684024,0.181359869629451,0.276908523623818,0.304873318313817,0.387205866155285,0.277364122768986
36,36,FALSE,2019-11-05,3,control,Control treatment,0-10 cm,2,2024-10-09,2024-10-14,7837670699.30883,588400567.30277,162.5,24.7487373415292,-14275.7514996515,972.932749019437,0.0291004222157324,2.68639208938553e-05,0.625039071798589,0.0121037828107173,-1.31400845015885,0.121514134929915,126.148368912529,1.5656637497592,0.16671156773752,0.049852595089462,0.0757559991984193,0.303753365564511,0.42908885357766,0.193929088892393,0.482236817939621,0.42609250636944
37,37,FALSE,2019-12-17,3,control,Control treatment,0-10 cm,2,2024-10-09,2024-10-14,9407977703.20454,2243595615.40098,596.5,74.2462120245875,-18148.6595271445,2560.34754553764,0.0284221670221884,0.00202236276188538,0.592178099160952,0.00387354946196681,-0.989296434881053,0.0374606309653003,159.466960740918,1.32523340463313,0.170216642066799,0.130830679011444,0.080715068012695,0.404652844044723,0.198494278751789,0.23978596092719,0.272456984107664,0.559375196777288
38,38,FALSE,2019-12-31,3,control,Control treatment,0-10 cm,2,2024-10-09,2024-10-14,14066289414.5528,684975246.184683,515,22.6274169979695,-15456.4461939809,693.950798228417,0.0305427415500184,0.000532629284571337,0.585179090405434,0.003441705657292,-0.917481449922955,0.034220156496037,135.200358356072,1.24262960739382,0.167383648662195,0.139200193081553,0.110290381019059,0.349407027712088,0.221931142772354,0.244992755875623,0.299927241965948,0.503174944776388
39,39,FALSE,2020-01-28,3,control,Control treatment,0-10 cm,2,2024-10-09,2024-10-14,11929488456.7084,1652646489.29807,391,38.1837661840736,-13794.6891031077,1282.96883624234,0.0346223132919352,0.000834831871991406,0.600285740108268,0.00499981211638908,-1.06733572889366,0.0491120957680084,121.348359844598,1.42644407133704,0.192757008785115,0.14498576792005,0.0763143709577692,0.343670282808056,0.259605961352557,0.214741871926557,0.351669169069261,0.474445963266544
40,40,FALSE,2020-03-10,3,control,Control treatment,0-10 cm,2,2024-10-09,2024-10-14,8222528719.07481,302666704.444584,446,36.7695526217005,-16836.5922907539,473.730485148793,0.0287905577215782,0.000160229586066593,0.597803679183357,0.00528195287691809,-1.04496628975163,0.0518684106548221,148.042478019469,1.33697194069106,0.156564607434797,0.0983482244486588,0.105161645416149,0.369051125058706,0.25558337482873,0.245115369696897,0.326719726530311,0.511784656797642
41,41,FALSE,2021-12-15,3,control,Control treatment,0-10 cm,3,2024-10-08,2024-10-14,6773733162.22577,1601459886.60695,374.333333333333,137.292874299191,-18217.0065228742,3037.14338765036,0.0277151183268187,0.00246541219243706,0.606134660725233,0.0108315972727319,-1.12661905264278,0.1063389479517,160.647334788321,1.4302574697792,0.164883614573192,0.0785942511025175,0.0916568404512389,0.315241087199923,0.283971359617433,0.283197230572285,0.376058754503999,0.516130672498084
42,42,FALSE,2022-09-08,3,control,Control treatment,0-10 cm,2,2024-10-09,2024-10-14,10035127739.3258,536383593.096319,297.5,20.5060966544099,-12957.1435908493,741.422294235181,0.0381250697451892,0.000604100584734848,0.594017256014828,0.00718619522092671,-1.01022271890412,0.0720245037643355,113.752706521759,1.40799469619457,0.212393865010254,0.275311055191367,0.0968947844750841,0.271995163653764,0.221339955292149,0.19298183648592,0.29815573155425,0.378053057957354
43,43,FALSE,2022-11-16,3,control,Control treatment,0-10 cm,2,2024-10-09,2024-10-14,8256594711.75624,629052532.867791,623.5,197.282791951047,-20903.7112792853,3184.18643890369,0.0247987794638701,0.00286379430738893,0.580907255985676,0.00604058255860427,-0.87564154256939,0.0573640145755607,182.961058296067,1.21015289839864,0.164884249192971,0.0948979251119528,0.14122227831019,0.267053181994084,0.203913011569585,0.387676095709318,0.309103854012128,0.533001778875701
44,44,FALSE,2023-05-30,3,control,Control treatment,0-10 cm,2,2024-10-09,2024-10-14,16481951007.9446,2661866588.83192,410,12.7279220613579,-16353.8813129515,231.228668681099,0.0278123981158466,0.000128505772814019,0.59027410533056,0.0042098417896732,-0.98000158384851,0.0425332623015057,144.025573698841,1.29076972962608,0.132343395874701,0.0969494452699637,0.192634012322885,0.45337899511274,0.147854317447318,0.280490288212687,0.194467208693588,0.543646343852647
45,45,FALSE,2023-12-27,3,control,Control treatment,0-10 cm,2,2024-10-09,2024-10-14,8032497947.29659,1346780157.32772,297,73.5391052434009,-16680.0920342732,3032.60081290376,0.0284062872603606,0.00230177801648556,0.603165611672357,0.0123661135452912,-1.09615828674203,0.12153425252154,146.590652705782,1.39332195514781,0.165056509092157,0.0605689418570844,0.126241597528311,0.264367167715683,0.321017264494167,0.305903183463129,0.394690464210972,0.475709234380612
46,46,FALSE,2024-04-16,3,control,Control treatment,0-10 cm,3,2024-10-09,2024-10-24,13694220820.1118,3161798746.16909,420.666666666667,47.056703383613,-16321.210183175,193.768188061549,0.0273499813625145,0.000435008451847141,0.597834207557168,0.011193041563463,-1.04999289493926,0.111480162106322,143.715176768559,1.31264348274232,0.130984820619272,0.0904330117934815,0.141028506004937,0.416388184073294,0.219433368936279,0.243428839239279,0.27540814412025,0.528084241388005
47,47 (EXTRA),TRUE,2024-04-30,3,control,Control treatment,0-10 cm,2,2024-10-09,2024-10-14,20398687059.3851,497934631.164654,600,2.82842712474619,-15150.6429286885,88.1236550709961,0.0307699881225481,0.00011616219797891,0.572996626944012,0.000180943021630013,-0.808527904593544,0.00210709334157466,132.453406252075,1.14627506176795,0.135022035898877,0.0633365697443234,0.303582099874471,0.403606365327153,0.146006765041669,0.365339096422168,0.180449330791446,0.480366412075706
48,48,FALSE,2017-10-20,4,warmed,warming treatment,0-10 cm,2,2024-10-09,2024-10-14,76223049945.0917,3159870117.85188,1490.5,17.6776695296637,-12935.42037683,74.7730305019403,0.0371678640548326,0.00028586883203445,0.542413868664079,0.000146162855053714,-0.491667304858055,0.00108569317732329,111.938568418891,1.16853740827536,0.331755681653446,0.573155803398785,0.0314652676151746,0.321386783012362,0.0495861134890099,0.0488958372088366,0.0645059322467929,0.338875777617565
49,49,FALSE,2017-12-06,4,warmed,warming treatment,0-10 cm,2,2024-10-09,2024-10-14,104027611973.134,3083100468.64305,2333.5,37.476659402887,-11726.8323411145,491.199410422732,0.0413359083268725,0.00119536622311584,0.525298662008608,0.00267353896370867,-0.319622425812327,0.0269248512077065,100.835891332936,1.19384889178763,0.424152999499227,0.697694834483782,0.0623873553091807,0.20556619307967,0.0195905037407155,0.0703845112182958,0.0284702360672957,0.218638989015566
50,50,FALSE,2018-01-17,4,warmed,warming treatment,0-10 cm,2,2024-10-09,2024-10-14,83059942216.066,4718425012.19948,1790.5,48.7903679018718,-12643.4493919914,17.4958603241392,0.0385063960931446,4.21822447894479e-05,0.533240347158672,0.000382466675535697,-0.399762830834294,0.00384805504392633,109.079496427627,1.12758754538747,0.349096027851577,0.58969111163833,0.0466827657484358,0.328893158081033,0.0187708051081692,0.0583229958149651,0.0246630923185484,0.343761139460249
51,51,FALSE,2018-01-30,4,warmed,warming treatment,0-10 cm,2,2024-10-09,2024-10-14,97364009061.3555,3334766978.34845,2403,60.8111831820431,-11454.1251952318,323.489819635249,0.042738309255992,0.000628700980428115,0.52965717939402,0.00108245518364698,-0.365482263078178,0.0111610579502459,98.7359965171285,1.23874336371956,0.422876456015844,0.738079910530467,0.0602353443047058,0.169717724689365,0.0106612200362181,0.0712120145748355,0.0237538220554026,0.189331303955394
52,52,FALSE,2018-02-13,4,warmed,warming treatment,0-10 cm,2,2024-10-09,2024-10-14,83711515488.2296,7658264727.13541,2390.5,19.0918830920368,-12762.8068756889,267.075109782436,0.039027544864835,0.000700970430891839,0.534159024714743,0.00166902782126046,-0.409845404862114,0.0167123591871322,110.25793962989,1.16160216509404,0.362802473872568,0.627151648425477,0.0429049512260872,0.294282429763908,0.0179474643372675,0.0561323325444929,0.0251549898841102,0.31059721639934
53,53,FALSE,2018-02-27,4,warmed,warming treatment,0-10 cm,2,2024-10-09,2024-10-14,81797759918.4402,2190846472.61056,2097,106.066017177982,-12012.9581839168,577.723043792231,0.041208538116974,0.00130505900238854,0.5338911038457,0.00218271885321107,-0.407796888704723,0.0220483214140153,103.724207842053,1.21214187506648,0.389495525375102,0.68158195416766,0.0578252598881497,0.21457053588626,0.0224944052335625,0.0723140443827457,0.0350823672333086,0.235823736690236
54,54,FALSE,2018-05-09,4,warmed,warming treatment,0-10 cm,2,2024-10-09,2024-10-14,75481611868.2909,5558899687.39733,2303,178.19090885901,-11748.006669087,498.569719626754,0.0420949025039447,0.00129298794334185,0.53043774013365,0.00361192187196828,-0.37148261475739,0.0363046998041066,101.24329685775,1.20200792125084,0.403885049277249,0.664811785028879,0.0534338378498146,0.233199860543212,0.0296225747205918,0.0654062973850085,0.0389692090218572,0.250054933616504
55,55,FALSE,2018-05-22,4,warmed,warming treatment,0-10 cm,3,2024-10-09,2024-10-24,75168444595.8078,5269082563.30663,2216,192.595430890766,-12517.5448173736,898.741918264913,0.0391556306852646,0.00226735951316438,0.535995041987773,0.00398419578089858,-0.427894710007129,0.0397178657323931,108.143839591502,1.18347980774093,0.366068264205242,0.623109487840796,0.05315600263601,0.270401359038601,0.0319743497608604,0.0658245903592941,0.043785535476298,0.289604278515921
56,56,FALSE,2018-10-23,4,warmed,warming treatment,0-10 cm,2,2024-10-09,2024-10-14,86783732440.7394,5634808292.1184,3359,80.6101730552664,-12377.2917139686,452.611896826456,0.0406036211010107,0.00100270942996053,0.529040500555198,0.00243754883414728,-0.357573375785225,0.0248432708163724,106.71401580919,1.17993430319123,0.396480484018853,0.64843481570962,0.062983129563155,0.24423287486641,0.0198642732946825,0.0784388493904348,0.0320067343054994,0.266796583726248
57,57,FALSE,2018-11-07,4,warmed,warming treatment,0-10 cm,2,2024-10-09,2024-10-14,78714888561.8683,9327161225.37979,2061,89.095454429505,-12516.3253144192,428.049038078788,0.0393008188761122,0.000998247161574821,0.537095902704551,0.0020334798546277,-0.439254787704228,0.0205434541480352,108.19436211619,1.19747007710039,0.37150385001987,0.64451412661023,0.0395501619427768,0.256583212318045,0.0383250853532554,0.0526783221059986,0.0494009245691102,0.275694630519101
58,58,FALSE,2019-11-05,4,warmed,warming treatment,0-10 cm,2,2024-10-09,2024-10-14,81735158433.3019,4440586982.06499,2553.5,217.08178182427,-11845.8575786657,664.926291431277,0.0416503056646782,0.00163115250353943,0.526022698782523,0.00295572028339449,-0.327014607822193,0.0300001584541043,101.916451899858,1.19339461167465,0.421107424055362,0.689727585343124,0.0653516487935799,0.196109490119867,0.0267240899684377,0.0787953230035455,0.0370190394529943,0.217563041582649
59,59,FALSE,2019-12-17,4,warmed,warming treatment,0-10 cm,2,2024-10-09,2024-10-14,70878528923.8483,200628934.903724,2528.5,143.542676580869,-12440.4976175596,391.757283783791,0.040173455111151,0.000827270065281429,0.529988236079331,0.00172870127173441,-0.366280409600489,0.0176361840558106,107.247273637216,1.16602091117206,0.390533195149473,0.630922851365479,0.0572265977878474,0.251371641860427,0.0357594658922876,0.0729220352589596,0.0514041455481276,0.271533886840471
60,60,FALSE,2019-12-31,4,warmed,warming treatment,0-10 cm,2,2024-10-09,2024-10-14,84433257307.6714,4077171740.69613,3778.5,51.618795026618,-12937.0902722561,97.025612778646,0.0393145443817006,0.000108379297641885,0.528753388275015,0.000402218773629464,-0.354019792394479,0.00424033307343335,111.506945071888,1.13399745938837,0.372621633874637,0.579133239865585,0.0735103329323683,0.29156323097364,0.0216338034262964,0.0984836954608025,0.0358074720615522,0.322753367653198
61,61,FALSE,2020-01-28,4,warmed,warming treatment,0-10 cm,2,2024-10-09,2024-10-14,122068599730.448,6413129719.80812,5576.5,19.0918830920368,-11587.1918000885,166.581971738096,0.0436098293268251,0.000319853258779375,0.508084568211448,0.00151705909410722,-0.142751849367227,0.0159763949926657,98.9031650674134,1.13027846217376,0.477005527038415,0.719967358065954,0.0684534671188655,0.179234059855028,0.00870718448778753,0.0864192775386535,0.0167862735351644,0.202092195431124
62,62,FALSE,2020-03-10,4,warmed,warming treatment,0-10 cm,2,2024-10-09,2024-10-14,105604192640.03,5258825822.98205,7220.5,539.522474045336,-12980.0890363221,92.7694398284999,0.0399791036978698,0.0003932006545752,0.519168025234809,0.000298287921015735,-0.255963142023956,0.00318537913235228,111.512886278842,1.09529122110423,0.399976625731701,0.605328954311977,0.0690189999893552,0.282232100771879,0.0081605179973485,0.097687042262372,0.0197710401252594,0.315457244870461
63,63,FALSE,2021-12-15,4,warmed,warming treatment,0-10 cm,3,2024-10-09,2024-10-24,23412300409.2734,3491146477.49692,480.333333333333,75.7451868657893,-13880.7654083476,472.030998855721,0.0354425980787582,0.00134912135590588,0.562312006285058,0.00805706517868409,-0.695338015993181,0.0784304885934261,120.851234493065,1.158101616461,0.209216640780082,0.269882719838847,0.140764982291451,0.405401487713324,0.0867813312199195,0.215523450545947,0.134030688143725,0.480739119386552
64,64,FALSE,2022-09-08,4,warmed,warming treatment,0-10 cm,2,2024-10-09,2024-10-14,30070911705.5449,5641187163.57009,595,4.24264068711929,-13840.2111585007,122.86478421186,0.0352204674015257,0.000939074903653398,0.567462698820901,0.000140510904676583,-0.745928093994736,0.000878682211397988,120.863000031469,1.20503590933261,0.212395934458465,0.310525940819626,0.0688051795839322,0.483778264110288,0.0629285211527864,0.139085227509712,0.121948658149684,0.50802809425648
65,65,FALSE,2022-11-16,4,warmed,warming treatment,0-10 cm,2,2024-10-09,2024-10-14,21713838338.8088,2523505340.56345,643,62.2253967444162,-13951.633933076,152.549129478872,0.0353063959533423,0.000580869444996773,0.566190565893503,0.00171062296383071,-0.732024653556595,0.0168596443260599,121.728212003535,1.18895258001131,0.219582938298511,0.331331053511649,0.057325006176224,0.465556938433806,0.091021138689821,0.101578631425644,0.118806634281567,0.504929264924417
66,66,FALSE,2023-05-30,4,warmed,warming treatment,0-10 cm,2,2024-10-09,2024-10-14,20553761284.4527,2903217832.93965,755,36.7695526217005,-14945.7064974853,226.796468454121,0.0333846589075103,0.000183774048716775,0.567087919003138,0.000637744212180682,-0.740977198747113,0.00596150567028656,130.588433268283,1.15974172159881,0.190013584625936,0.254112086006463,0.0634653295864269,0.527179101105813,0.0729719018232508,0.134597382277668,0.107565981833533,0.589096920319868
67,67,FALSE,2023-12-27,4,warmed,warming treatment,0-10 cm,3,2024-10-09,2024-10-24,28698880660.1092,3045160992.90969,1086,124.735720625649,-14402.739797286,131.424607280761,0.0336953765465912,0.000179772670164397,0.567733153778224,0.00274999230381794,-0.74654193935084,0.0268000709107935,125.708055405178,1.17478939170867,0.202462780451976,0.28870972378653,0.0656324021674331,0.489718774293094,0.098408327076912,0.111827475396069,0.126073433967493,0.534874210949939
68,68,FALSE,2024-04-16,4,warmed,warming treatment,0-10 cm,3,2024-10-08,2024-10-14,19709021913.4281,4265309384.46609,554.666666666667,78.0149558311311,-14118.2406798449,580.583764562842,0.0340978988853699,0.00129889806372875,0.571924463909128,0.00289169069745342,-0.788074574796189,0.0285848772415418,123.330751608655,1.19242214916747,0.192333496023707,0.244498257220075,0.0654650364749415,0.517066638386736,0.111753487218378,0.112050473891985,0.14343329866537,0.565234763496493
69,69 (EXTRA),TRUE,2024-04-30,4,warmed,warming treatment,0-10 cm,3,2024-10-09,2024-10-24,22109965959.1874,3447390537.60034,729,59.2536918681022,-15156.3595683776,261.135918028825,0.0322563637737685,0.000123052391031676,0.569649793739993,0.00132156675901761,-0.76748756382769,0.0126399753059389,132.586488513183,1.18435274271335,0.189250798652398,0.253443466741554,0.0789614425775622,0.495162083451685,0.0837727230384978,0.155080609871513,0.125075461281941,0.560809161752238
70,70,FALSE,2017-05-31,5,control,Control treatment,0-10 cm,3,2024-10-08,2024-10-14,30637853204.4671,4344477719.97291,829.666666666667,137.121600535194,-13053.3186397103,631.3582383299,0.0375178309171056,0.00179332517284057,0.549337439814555,0.000899934923908794,-0.562424295249822,0.0083250040597733,113.273419994316,1.16942282292516,0.291482439544352,0.492524479525253,0.0296780955691327,0.410794528870101,0.0431767766931102,0.0490834143064834,0.0546159104027592,0.429052537819742
71,71,FALSE,2018-10-10,5,control,Control treatment,0-10 cm,2,2024-10-09,2024-10-14,28944989406.1396,10359605784.3861,321,65.0538238691624,-12332.252523713,523.060938560995,0.0334164489414127,0.000809072706706806,0.59882650330211,0.0048048213134177,-1.05476644617792,0.0481050079337729,108.583744323485,1.4590628329458,0.204317733306894,0.202264587804334,0.00762024701528024,0.580972303020234,0.187979463021539,0.0259139330585246,0.201503547298977,0.591976567478551
72,72,FALSE,2018-10-23,5,control,Control treatment,0-10 cm,3,2024-10-09,2024-10-24,50431119247.3083,4889803479.01751,1974.66666666667,114.914460940881,-14075.7568952396,548.11377296624,0.0345700150310974,0.00159897858911724,0.553196774857477,0.00245395788816539,-0.603886384847414,0.0235164469683355,122.45608178915,1.15031204584485,0.250874127320251,0.400117732086815,0.111541252645937,0.405192166206198,0.0416452314563633,0.133261726917981,0.0670694092050595,0.442825162633975
73,73,FALSE,2019-09-10,5,control,Control treatment,0-10 cm,4,2024-10-08,2024-10-24,76820687232.6093,11603187885.3844,2241.25,302.089804528389,-12878.282963047,951.54697089218,0.0378151658681383,0.00237542293169969,0.536499314520562,0.00305094620573115,-0.432803416379262,0.0301012554808971,111.288703238714,1.17977905664297,0.360281877437695,0.620824861236234,0.0520780276101786,0.269592990635941,0.02443062842492,0.0707108191352493,0.0421257109262941,0.30090944233501
74,74,FALSE,2019-12-17,5,control,Control treatment,0-10 cm,3,2024-10-08,2024-10-14,35838415580.5515,7882292752.21716,1050.33333333333,94.1558990894003,-14218.429391992,430.549559535659,0.0332049388950825,0.000847685409958236,0.561071109930466,0.000306070806590551,-0.678431275649455,0.00308222345806014,123.839581452117,1.17233948495579,0.240759514774645,0.377925873092881,0.0272737904165648,0.474624399549372,0.0892969939901892,0.0506832131208897,0.102426681190382,0.501278784460833
75,75,FALSE,2020-01-28,5,control,Control treatment,0-10 cm,2,2024-10-09,2024-10-14,34010148261.5922,4658322921.16995,862,26.8700576850888,-13615.386711012,305.982905588385,0.0340524002359199,0.000356758915970207,0.564314278857127,0.00014892094746852,-0.710303624310925,0.00155116601748893,118.609014350812,1.21947108652476,0.249866297631147,0.370864016120085,0.0297118645311873,0.448900094355012,0.108889574984428,0.0631012891905683,0.123014643564975,0.486068630474414
76,76,FALSE,2020-02-25,5,control,Control treatment,0-10 cm,3,2024-10-08,2024-10-14,43633604455.2541,9717317012.64882,1337,148.253161854984,-13976.7593945397,491.75425993303,0.0341868252408307,0.000913993153097414,0.55778357367231,0.00295144363733195,-0.646242317990083,0.0297405422843332,121.635306800799,1.19665398173546,0.265664174016677,0.435579785213287,0.0370531036372412,0.403596047819739,0.0677544610161859,0.0695109567836262,0.0965791690736122,0.4561586216704
77,77,FALSE,2020-03-10,5,control,Control treatment,0-10 cm,2,2024-10-09,2024-10-14,45613052023.6502,1304130195.83711,1543,120.208152801713,-13527.9645135141,305.391486147253,0.0357204806813027,0.000800490929984016,0.550949447013731,1.65942808158419e-05,-0.577998423609051,0.000836265246401476,117.496941558204,1.16081146178913,0.279291938984384,0.475618831591829,0.0303630867672808,0.42033765519612,0.0457257831762315,0.0501345001004662,0.0566447017407007,0.446225761240601
78,78,FALSE,2020-07-28,5,control,Control treatment,0-10 cm,2,2024-10-09,2024-10-14,79943553161.552,9720101221.0196,2215.5,111.015764646288,-13381.4804195843,200.010255610099,0.0363920000751335,0.000470816844720451,0.539611183432725,0.00121435163797287,-0.463883640398828,0.0122419946644703,115.752198166531,1.14612018242316,0.329445615886449,0.566135219040422,0.0380907240958191,0.34215568489844,0.0302726330924824,0.0545073703278433,0.0413204943010729,0.362710983386707
79,79,FALSE,2020-09-09,5,control,Control treatment,0-10 cm,2,2024-10-09,2024-10-14,64809607434.8034,5678254131.17569,1859,41.0121933088198,-13526.4766609132,202.656956228291,0.0359503575468163,0.000373840012441515,0.541746788980132,0.000580156715938946,-0.485135517789607,0.00591995388162349,117.085298785162,1.14528750279995,0.317680670893555,0.533770187552551,0.0375758360843909,0.371236114591527,0.0329338410185017,0.0550302994547517,0.0440320791735953,0.393269561283387
80,80,FALSE,2020-10-06,5,control,Control treatment,0-10 cm,3,2024-10-08,2024-10-14,47266357061.0845,10232864704.9284,1414,153.645696327623,-13914.9821157079,484.432108156813,0.0344260188105076,0.00105433830114467,0.553676400295321,0.000654604837222866,-0.605173011881223,0.00630828508642572,120.958525413984,1.16775562642459,0.269326980782341,0.452260109351771,0.0311116522429656,0.435268956692384,0.0485608689037512,0.0534902434678089,0.0658536319800888,0.463878996989858
81,81,FALSE,2020-11-05,5,control,Control treatment,0-10 cm,2,2024-10-09,2024-10-14,55924266591.5247,9890287767.01879,2784.5,168.998520703585,-14738.2253622413,134.560144344866,0.0336754114763095,6.78469768260712e-05,0.543714160154499,0.000748021698358065,-0.504839195564516,0.00763869149038163,127.729494246136,1.06692817708958,0.262233785593926,0.427277590409507,0.0499590652475612,0.439735083532769,0.0288711166320721,0.0944195613524048,0.0459810123886705,0.490399892861051
82,82,FALSE,2021-02-09,5,control,Control treatment,0-10 cm,3,2024-10-09,2024-10-24,44218984908.6843,3922126674.57961,1646.66666666667,533.701539564327,-14793.0838447972,324.563485652936,0.0331423735990998,0.00101691592158125,0.547047677463244,0.00382748903122216,-0.538469506257101,0.0371519303041684,128.344768689895,1.06268785390396,0.237374678953278,0.351382827986152,0.080385998123059,0.496038114830204,0.0291975429263436,0.114612433127816,0.0432314797161493,0.536609516204876
83,83,FALSE,2021-02-23,5,control,Control treatment,0-10 cm,4,2024-10-08,2024-10-24,52802875491.3104,10324951344.1216,2198.5,907.483884154424,-14522.5001378052,745.243041073312,0.0340415503959299,0.00154892640067502,0.544050389300951,0.00429253182621196,-0.509071612458615,0.0418825172277809,125.870105939774,1.07949515051789,0.264700679873978,0.428772799517796,0.0779106522350047,0.40866273605683,0.0295946814003341,0.119483374444926,0.0492451113197891,0.459411696415502
84,84,FALSE,2021-06-03,5,control,Control treatment,0-10 cm,2,2024-10-09,2024-10-14,55200623634.8896,7890186814.45272,2166.5,75.6604255869606,-15011.7989915911,42.7816810903867,0.0324450471756914,3.67960736752037e-06,0.552325286696878,0.000113141919228806,-0.592128991470151,0.000934561559155558,130.546011988525,1.09328718703911,0.23203585033794,0.387335083579691,0.0442392028591304,0.500955971551557,0.0294034892504727,0.0731097377486675,0.0448485010836563,0.535201540816485
85,85,FALSE,2021-12-15,5,control,Control treatment,0-10 cm,3,2024-10-08,2024-10-14,59874438614.1932,11603981828.2822,3505.66666666667,271.50751984675,-14930.8020038329,570.350439067352,0.0334459707096913,0.00112755370776636,0.546042887904827,0.000755063936850488,-0.530062103078038,0.00714222099797848,129.598146448732,1.07826129746424,0.250585796127394,0.400467605859461,0.0874667042182678,0.434651001101285,0.0251670908044983,0.127165984834095,0.046194713078213,0.482295424825551
86,86,FALSE,2022-08-23,5,control,Control treatment,0-10 cm,2,2024-10-09,2024-10-14,44906172925.4707,5848570483.1453,2237,298.399061660723,-14815.3930001527,47.7181624034085,0.0335865080146664,0.000193469795679654,0.550798205991563,0.000462174710804183,-0.576842382759933,0.00450029896471986,128.672072241147,1.07571223847227,0.232944238184617,0.396302553749011,0.0570965449154924,0.433203500956932,0.0457900896773441,0.109992600535142,0.0712377881551157,0.493365812899714
87,87,FALSE,2022-09-08,5,control,Control treatment,0-10 cm,3,2024-10-09,2024-10-24,35930941162.1841,3954340144.63893,501.333333333333,88.3760902808748,-13380.3683496747,693.5117603846,0.0355562014237581,0.0018684244084127,0.549791391696594,0.00324124780356123,-0.567395950344578,0.030697636884025,116.04761695611,1.1441042040217,0.272699550417579,0.468138057903401,0.0616652707398566,0.387619976392118,0.0439979195116962,0.0933099466594898,0.0719282754219391,0.414508624617835
88,88,FALSE,2022-11-16,5,control,Control treatment,0-10 cm,2,2024-10-09,2024-10-14,48236507040.2028,9415335058.62081,2450,1.4142135623731,-15021.8242296617,137.918819011559,0.0327626186359504,2.21046224574376e-05,0.550988710370112,0.00042301413606848,-0.577515932786934,0.00444296609275327,130.512545038517,1.08324802485431,0.237416326464756,0.394079568145612,0.0393535538776747,0.480981031406243,0.0393159053679435,0.0790050689024646,0.0566354593790091,0.519947077747794
89,89,FALSE,2017-05-31,6,warmed,warming treatment,0-10 cm,2,2024-10-09,2024-10-14,31561523662.0812,4790584778.31226,1337,90.5096679918781,-13698.3625954127,194.514969984154,0.0365613246355502,0.000153923002484284,0.55098983908556,0.000674035329942384,-0.577917679855562,0.0071266857824706,118.988674715751,1.14008015440705,0.262867789755309,0.386475422145389,0.067328144508461,0.455977204408148,0.047653175211317,0.100717830701807,0.0674200431133734,0.490098672507353
90,90,FALSE,2018-10-10,6,warmed,warming treatment,0-10 cm,2,2024-10-09,2024-10-14,37448405259.9083,1065901082.98448,1632,50.9116882454314,-14626.4348777268,117.843227892932,0.033422594276677,0.00048484923906968,0.561090795477621,0.000404430873965417,-0.682880420057955,0.00337101054943908,127.494440303397,1.128306626142,0.199745095644452,0.272766007675563,0.128651986718684,0.482717067260254,0.0697477786203487,0.161372192853487,0.0927027401827857,0.521693619304656
91,91,FALSE,2018-10-23,6,warmed,warming treatment,0-10 cm,2,2024-10-09,2024-10-14,45389879508.9781,3537679404.26787,2202.5,43.1335136523794,-14275.2872820143,64.5137731178918,0.0351086899481246,0.00039087188495337,0.550505487098806,0.000862098284771261,-0.580625252583686,0.00855001474639051,124.085864105933,1.08553943086703,0.215738367041432,0.298544019636996,0.223123825190181,0.360147051618727,0.044456359640266,0.274511717978254,0.0863641412045009,0.419468643784297
92,92,FALSE,2019-09-10,6,warmed,warming treatment,0-10 cm,2,2024-10-09,2024-10-14,28588588604.4131,3195502693.73871,1632.5,6.36396103067893,-15636.7282625914,275.310719672847,0.0317989579212489,0.000151259045623921,0.555985730775771,7.85296763326701e-05,-0.627745042098758,0.000959056334751739,136.098334835548,1.08235452246924,0.21536949024621,0.352319654963215,0.0673598122202425,0.434243653130468,0.0741336599666792,0.125865583959904,0.104310252844677,0.493990964913451
93,93,FALSE,2019-12-17,6,warmed,warming treatment,0-10 cm,2,2024-10-09,2024-10-14,29243052570.7047,5602840982.92619,1549,104.651803615609,-15871.4302403464,264.359541449881,0.0308438314043658,1.47446812828689e-05,0.558307676126732,0.00024735022582212,-0.65129326591996,0.00302143741681319,138.160437272176,1.06967895770261,0.193298858879567,0.30289288119491,0.0672269427820976,0.490095023248613,0.0701546155818751,0.122466768261776,0.0942124269699464,0.553426871731441
94,94,FALSE,2020-01-28,6,warmed,warming treatment,0-10 cm,2,2024-10-09,2024-10-14,72612971043.0741,281228856.698542,2263,56.5685424949238,-12546.9694694958,264.803449012759,0.0398891434251401,0.000518067947124376,0.527150937302968,0.000862488004135088,-0.336940597445529,0.00876159865616802,107.993101615948,1.13896379138273,0.39108438512039,0.632218958091952,0.0541997454550145,0.231030774981011,0.0347283560204646,0.085839014349076,0.0565908689821371,0.274701286898017
95,95,FALSE,2020-02-25,6,warmed,warming treatment,0-10 cm,2,2024-10-09,2024-10-14,38006825304.1324,1218423261.21565,864.5,27.5771644662754,-15057.3618476834,205.684923603727,0.03102628206113,7.82301307010778e-05,0.56578046011538,0.00094590820495924,-0.726975031745315,0.00917343210192971,131.205159657338,1.14739600122069,0.19271904630056,0.285669816204478,0.0736986292158705,0.46371799747001,0.0779931307277129,0.136674655274494,0.119546611793611,0.558405864865618
96,96,FALSE,2020-03-10,6,warmed,warming treatment,0-10 cm,3,2024-10-08,2024-10-14,39904763301.0676,21878311997.7916,1838,920.86209608171,-15223.9711648162,267.109830975419,0.0327023057858485,0.000562401594225705,0.548098766049383,0.0027881633399384,-0.550049527397925,0.0281024441114791,132.185953803301,1.07455079375348,0.247347978554642,0.427574007988,0.0629249324488475,0.387985120845555,0.0470869080574521,0.116657521547939,0.0756486896486143,0.457722634909755
97,97,FALSE,2020-07-28,6,warmed,warming treatment,0-10 cm,2,2024-10-09,2024-10-14,39593484492.2439,7180980408.76933,1663,11.3137084989848,-15016.0884328513,252.206589378981,0.0329541952956019,4.08904400432017e-05,0.551974189572091,3.25386346417904e-05,-0.58728043993682,0.000357607642806934,130.336771569987,1.07001519995486,0.225464228314693,0.355676385139299,0.0736873552839278,0.410269199492329,0.0647247129834331,0.146330150272663,0.101296326243704,0.496649274642318
98,98,FALSE,2020-09-09,6,warmed,warming treatment,0-10 cm,2,2024-10-09,2024-10-14,38917062010.2563,5965709244.6167,1650.5,84.1457069611992,-14998.406143843,205.98346402852,0.0324397485636182,0.000132907545232573,0.553025383957589,0.000301565690169038,-0.597913109671741,0.0034343504112669,130.292012608126,1.08131395689949,0.228808833885575,0.37989389661581,0.0503633586243504,0.441762696767938,0.0648748948796172,0.102467856515218,0.0864558037307103,0.497856328734157
99,99,FALSE,2020-10-06,6,warmed,warming treatment,0-10 cm,2,2024-10-09,2024-10-14,25978096381.6722,1819744172.17523,1517.5,2.12132034355964,-15837.771936279,80.344611073454,0.0315555168205099,0.000103211416659538,0.560017138836839,0.00026560156214232,-0.667643621094868,0.00286602909393512,137.956070100234,1.07991655545003,0.196381054102705,0.317546512937175,0.0655915851151591,0.443502665426108,0.0885466398678804,0.131262402811865,0.126140335090252,0.516856730614963
100,100,FALSE,2020-11-05,6,warmed,warming treatment,0-10 cm,2,2024-10-09,2024-10-14,62099745468.7707,5252664060.70139,3065.5,74.2462120245875,-13455.0200612677,177.318213217749,0.0378015532001149,0.000256834426321904,0.534043458881425,0.000617818617960283,-0.407259159034747,0.00657264636199988,116.234282161339,1.09961275101466,0.329168280185574,0.526733209473677,0.069885989491702,0.33490157344852,0.0274661739086142,0.10063303549736,0.0434854175607734,0.37268110272192
101,101,FALSE,2021-02-09,6,warmed,warming treatment,0-10 cm,2,2024-10-09,2024-10-14,13399000050.7053,1660611415.04575,476,322.440692221066,-16215.7693668963,681.097629910011,0.0298682841008843,0.000305277378311816,0.550479994553057,0.00316198228778054,-0.57155006957645,0.0301252296234518,140.694027830573,0.96341999819638,0.177941009778365,0.259182400373822,0.06605076003118,0.48736487743545,0.063780371586816,0.164292701911937,0.105607551771806,0.597814446641643
102,102,FALSE,2021-02-23,6,warmed,warming treatment,0-10 cm,2,2024-10-09,2024-10-14,23796307591.7001,2953752013.2967,1470.5,30.4055915910215,-15690.5275822679,433.730979986743,0.0319025561174581,0.000147898305306927,0.55461551726729,0.0005432913968848,-0.614323554427836,0.00535452623868087,136.483396435656,1.0621265062796,0.212799503903395,0.35619979994759,0.0639390829349143,0.427693252080007,0.0779187721672203,0.125931490053852,0.105811274300546,0.491218395384158
103,103,FALSE,2021-06-03,6,warmed,warming treatment,0-10 cm,2,2024-10-09,2024-10-14,30557898108.2971,1379115365.82318,1622,50.9116882454314,-15432.5140606817,179.541684237979,0.0321022792636526,0.0002759391307886,0.561313988554792,0.000537542282454554,-0.682101707056421,0.0048164800881271,134.514018573899,1.09198861943218,0.193730332576364,0.336819478703721,0.0589943171070105,0.459436060289407,0.0703119605132888,0.112745046208348,0.10929247741507,0.520522782065527
104,104,FALSE,2021-12-15,6,warmed,warming treatment,0-10 cm,2,2024-10-09,2024-10-14,14516501191.3192,1065933031.67835,462.5,31.8198051533946,-15380.8289934792,675.089769188635,0.0301220633853943,0.000467504149105478,0.578656560371945,0.00216629152090722,-0.852165891883124,0.0213818721432332,134.213371407679,1.17656413795947,0.163797263433833,0.152904176838681,0.0895967637717329,0.389200161577416,0.194009691029254,0.224164153375514,0.271717972874136,0.531900808426579
105,105,FALSE,2022-08-23,6,warmed,warming treatment,0-10 cm,2,2024-10-09,2024-10-14,16960708808.9912,3558751332.80072,553,11.3137084989848,-15378.3801954157,248.695530172455,0.0307179570038061,0.000346928158199287,0.571976132739057,0.000126032176539348,-0.78718089123555,0.00193644610512706,134.320426409496,1.11415944673514,0.15849088401149,0.232882979879446,0.0547848927459614,0.527139921152851,0.120637892365657,0.10564948706605,0.161181599308164,0.570090280184021
106,106,FALSE,2022-09-08,6,warmed,warming treatment,0-10 cm,2,2024-10-09,2024-10-14,9423237933.04277,426572418.129305,188,2.82842712474619,-14394.0824040826,22.1888320991451,0.0297584444493247,0.000634081908025603,0.59705007770792,0.00281192689123775,-1.03799591002356,0.0273623241927926,126.335333606251,1.2857238575705,0.136230955843943,0.091205835604111,0.109564963510275,0.440545924309607,0.267335564649344,0.182365890123127,0.323182112479922,0.507830962805057
107,107,FALSE,2022-11-16,6,warmed,warming treatment,0-10 cm,3,2024-10-08,2024-10-14,17737220629.5184,6134736258.56068,893.333333333333,190.647143522617,-16269.078989833,763.534349882134,0.0298532540881933,0.00106722890759058,0.568078821223877,0.00307638838013834,-0.747641641458681,0.0301162303134685,141.896299368216,1.10032508271394,0.164502136247073,0.20563044244588,0.0645298429448648,0.510438226961299,0.109800727225842,0.157078531397074,0.159569161274333,0.592285369797935
