scope,metric,metric_label,metric_order,n_short_pairs,n_long_pairs,short_scaled_semivar,long_scaled_semivar,short_rho_hat,long_rho_hat,long_minus_short_semivar,permutation_p_short_more_similar,depth_label,treatment_label
by_depth,richness,"Formula richness
(detected formulae)",1,100,776,0.960678201170583,1.01821526829524,0.0393217988294172,-0.0182152682952426,0.0575370671246598,0.424575424575425,0-10 cm,
by_depth,richness,"Formula richness
(detected formulae)",1,70,548,0.383686271136885,1.140823838365,0.616313728863115,-0.140823838365004,0.757137567228119,0.000999000999000999,10-30 cm,
by_depth,mean_nosc,"Mean NOSC
(formula-count mean)",2,100,776,0.608986406757104,1.0857299288147,0.391013593242896,-0.0857299288147042,0.4767435220576,0.000999000999000999,0-10 cm,
by_depth,mean_nosc,"Mean NOSC
(formula-count mean)",2,70,548,1.19803241114081,0.988050909047487,-0.198032411140813,0.0119490909525133,-0.209981502093326,0.847152847152847,10-30 cm,
by_depth,mean_hc,"Mean H/C
(formula-count mean)",3,100,776,0.624872132366852,1.07617625703229,0.375127867633148,-0.0761762570322899,0.451304124665438,0.012987012987013,0-10 cm,
by_depth,mean_hc,"Mean H/C
(formula-count mean)",3,70,548,1.08643065414894,1.0053989979016,-0.0864306541489366,-0.00539899790160425,-0.0810316562473323,0.609390609390609,10-30 cm,
by_depth,mean_oc,"Mean O/C
(formula-count mean)",4,100,776,0.486532740714026,1.10107263575948,0.513467259285974,-0.101072635759477,0.614539895045451,0.000999000999000999,0-10 cm,
by_depth,mean_oc,"Mean O/C
(formula-count mean)",4,70,548,1.13224367860382,1.03377342739642,-0.132243678603822,-0.0337734273964154,-0.0984702512074063,0.605394605394606,10-30 cm,
by_depth,mean_ai,"Aromaticity
(mean AI_mod)",5,100,776,0.481094122943873,1.09602989122979,0.518905877056127,-0.0960298912297863,0.614935768285914,0.000999000999000999,0-10 cm,
by_depth,mean_ai,"Aromaticity
(mean AI_mod)",5,70,548,0.972618301543309,1.06523415774771,0.0273816984566914,-0.0652341577477089,0.0926158562044003,0.34965034965035,10-30 cm,
by_depth,frac_lignin,"Lignin-like formulae
(%)",6,100,776,0.502717765875468,1.09690795388874,0.497282234124532,-0.096907953888741,0.594190188013273,0.000999000999000999,0-10 cm,
by_depth,frac_lignin,"Lignin-like formulae
(%)",6,70,548,0.540162108573116,1.12057832838158,0.459837891426884,-0.120578328381583,0.580416219808467,0.001998001998002,10-30 cm,
by_depth,frac_n_containing,"N-containing formulae
(%)",7,100,776,0.676285818425317,1.04864928774615,0.323714181574683,-0.0486492877461533,0.372363469320836,0.00999000999000999,0-10 cm,
by_depth,frac_n_containing,"N-containing formulae
(%)",7,70,548,0.812749492275034,1.03615013604909,0.187250507724966,-0.0361501360490895,0.223400643774055,0.116883116883117,10-30 cm,
by_treatment_depth,richness,"Formula richness
(detected formulae)",1,51,393,1.27790650653006,0.96152757097178,-0.277906506530062,0.0384724290282205,-0.316378935558282,0.764235764235764,0-10 cm,Control
by_treatment_depth,richness,"Formula richness
(detected formulae)",1,49,383,0.630501801714799,1.07638306215457,0.369498198285201,-0.0763830621545663,0.445881260439768,0.0639360639360639,0-10 cm,Warmed
by_treatment_depth,richness,"Formula richness
(detected formulae)",1,38,299,0.228757045767732,1.16443971026715,0.771242954232268,-0.16443971026715,0.935682664499418,0.000999000999000999,10-30 cm,Control
by_treatment_depth,richness,"Formula richness
(detected formulae)",1,32,249,0.567664726262755,1.11246582351062,0.432335273737245,-0.11246582351062,0.544801097247865,0.014985014985015,10-30 cm,Warmed
by_treatment_depth,mean_nosc,"Mean NOSC
(formula-count mean)",2,51,393,0.722899810380116,1.04907195472445,0.277100189619884,-0.0490719547244525,0.326172144344337,0.0859140859140859,0-10 cm,Control
by_treatment_depth,mean_nosc,"Mean NOSC
(formula-count mean)",2,49,383,0.490423476455602,1.1233450301658,0.509576523544398,-0.123345030165798,0.632921553710196,0.001998001998002,0-10 cm,Warmed
by_treatment_depth,mean_nosc,"Mean NOSC
(formula-count mean)",2,38,299,1.27869454148597,0.967543975554052,-0.278694541485971,0.032456024445948,-0.311150565931919,0.9000999000999,10-30 cm,Control
by_treatment_depth,mean_nosc,"Mean NOSC
(formula-count mean)",2,32,249,1.10224613135594,1.01267570067213,-0.102246131355938,-0.0126757006721332,-0.0895704306838043,0.632367632367632,10-30 cm,Warmed
by_treatment_depth,mean_hc,"Mean H/C
(formula-count mean)",3,51,393,0.597422532674662,1.08104426896652,0.402577467325338,-0.0810442689665201,0.483621736291858,0.122877122877123,0-10 cm,Control
by_treatment_depth,mean_hc,"Mean H/C
(formula-count mean)",3,49,383,0.653442123883214,1.07118114295878,0.346557876116786,-0.0711811429587848,0.417739019075571,0.044955044955045,0-10 cm,Warmed
by_treatment_depth,mean_hc,"Mean H/C
(formula-count mean)",3,38,299,1.13009320513096,0.997418588761812,-0.130093205130956,0.00258141123818811,-0.132674616369144,0.58041958041958,10-30 cm,Control
by_treatment_depth,mean_hc,"Mean H/C
(formula-count mean)",3,32,249,1.03458137485779,1.01498189883654,-0.034581374857789,-0.0149818988365356,-0.0195994760212534,0.531468531468532,10-30 cm,Warmed
by_treatment_depth,mean_oc,"Mean O/C
(formula-count mean)",4,51,393,0.599460844029406,1.05337052100321,0.400539155970594,-0.0533705210032078,0.453909676973802,0.031968031968032,0-10 cm,Control
by_treatment_depth,mean_oc,"Mean O/C
(formula-count mean)",4,49,383,0.368995327059242,1.15002023654071,0.631004672940758,-0.150020236540714,0.781024909481471,0.000999000999000999,0-10 cm,Warmed
by_treatment_depth,mean_oc,"Mean O/C
(formula-count mean)",4,38,299,1.49669330645197,0.977589751919302,-0.496693306451967,0.0224102480806978,-0.519103554532665,0.902097902097902,10-30 cm,Control
by_treatment_depth,mean_oc,"Mean O/C
(formula-count mean)",4,32,249,0.699459745534149,1.10123896541913,0.300540254465851,-0.101238965419134,0.401779219884985,0.0919080919080919,10-30 cm,Warmed
by_treatment_depth,mean_ai,"Aromaticity
(mean AI_mod)",5,51,393,0.625626040594034,1.0396836831095,0.374373959405966,-0.0396836831095018,0.414057642515468,0.03996003996004,0-10 cm,Control
by_treatment_depth,mean_ai,"Aromaticity
(mean AI_mod)",5,49,383,0.330662943348807,1.15384727971875,0.669337056651193,-0.153847279718747,0.82318433636994,0.000999000999000999,0-10 cm,Warmed
by_treatment_depth,mean_ai,"Aromaticity
(mean AI_mod)",5,38,299,1.25182083311608,1.03126557671615,-0.251820833116085,-0.0312655767161478,-0.220555256399937,0.705294705294705,10-30 cm,Control
by_treatment_depth,mean_ai,"Aromaticity
(mean AI_mod)",5,32,249,0.641065295300637,1.10602373898641,0.358934704699363,-0.106023738986411,0.464958443685774,0.037962037962038,10-30 cm,Warmed
by_treatment_depth,frac_lignin,"Lignin-like formulae
(%)",6,51,393,0.750210358163001,1.02050689694736,0.249789641836999,-0.0205068969473632,0.270296538784362,0.122877122877123,0-10 cm,Control
by_treatment_depth,frac_lignin,"Lignin-like formulae
(%)",6,49,383,0.245123435127218,1.17530381649438,0.754876564872782,-0.175303816494385,0.930180381367166,0.000999000999000999,0-10 cm,Warmed
by_treatment_depth,frac_lignin,"Lignin-like formulae
(%)",6,38,299,0.600736406958895,1.10775648590515,0.399263593041105,-0.107756485905149,0.507020078946253,0.020979020979021,10-30 cm,Control
by_treatment_depth,frac_lignin,"Lignin-like formulae
(%)",6,32,249,0.468230129240004,1.13597483802196,0.531769870759996,-0.13597483802196,0.667744708781956,0.00899100899100899,10-30 cm,Warmed
by_treatment_depth,frac_n_containing,"N-containing formulae
(%)",7,51,393,0.713951884081937,1.02408559270357,0.286048115918063,-0.0240855927035704,0.310133708621633,0.0779220779220779,0-10 cm,Control
by_treatment_depth,frac_n_containing,"N-containing formulae
(%)",7,49,383,0.637082362333733,1.07385433252875,0.362917637666267,-0.0738543325287515,0.436771970195018,0.025974025974026,0-10 cm,Warmed
by_treatment_depth,frac_n_containing,"N-containing formulae
(%)",7,38,299,0.598868712938689,1.05656914841441,0.401131287061311,-0.0565691484144115,0.457700435475722,0.017982017982018,10-30 cm,Control
by_treatment_depth,frac_n_containing,"N-containing formulae
(%)",7,32,249,1.06673291773694,1.01163092039756,-0.0667329177369433,-0.0116309203975582,-0.0551019973393851,0.56943056943057,10-30 cm,Warmed
overall,richness,"Formula richness
(detected formulae)",1,170,1324,0.723093288803766,1.06896262207034,0.276906711196234,-0.0689626220703403,0.345869333266574,0.01998001998002,,
overall,mean_nosc,"Mean NOSC
(formula-count mean)",2,170,1324,0.851534761503337,1.04530084812555,0.148465238496663,-0.0453008481255537,0.193766086622217,0.0629370629370629,,
overall,mean_hc,"Mean H/C
(formula-count mean)",3,170,1324,0.814925641335946,1.04688174192382,0.185074358664054,-0.0468817419238188,0.231956100587873,0.0759240759240759,,
overall,mean_oc,"Mean O/C
(formula-count mean)",4,170,1324,0.752413715139236,1.07321767640679,0.247586284860764,-0.0732176764067898,0.320803961267554,0.016983016983017,,
overall,mean_ai,"Aromaticity
(mean AI_mod)",5,170,1324,0.683486431778935,1.08328362087618,0.316513568221065,-0.0832836208761774,0.399797189097243,0.000999000999000999,,
overall,frac_lignin,"Lignin-like formulae
(%)",6,170,1324,0.518136024633323,1.10670505753079,0.481863975366677,-0.106705057530793,0.588569032897471,0.000999000999000999,,
overall,frac_n_containing,"N-containing formulae
(%)",7,170,1324,0.732476742951671,1.04347592284435,0.267523257048329,-0.0434759228443475,0.310999179892676,0.003996003996004,,
