response,anchor,model,n,rmse,mae,scaled_mae,r2
cue_wmean,linear90,linear90,49,0.0194630095047539,0.0137553206803993,0.490028254304874,0.509232679563045
cue_wmean,linear90,nearest45,49,0.0222797224932778,0.0160102571313295,0.57035953834337,0.356904899690707
cue_wmean,linear90,global_mean,49,0.0278919781877463,0.0234502196754885,0.835405475280559,-0.00789265488286195
cue_wmean,linear90,depth_mean,49,0.0245938515243354,0.0205300791548198,0.731376540229464,0.216374174955679
cue_wmean,linear90,trt_depth_mean,49,0.023424173929864,0.0197873682996557,0.704917738412657,0.28913977497997
cue_wmean,linear90,plot_depth_mean,49,0.0202364466628843,0.0147676970150247,0.526093789924337,0.469452637597127
cue_wmean,linear90,calendar,49,0.0337997196578846,0.0281572430063513,1.0030914550834,-0.48006859216407
cue_wmean,linear90,structure_calendar,49,0.0245162810305302,0.0202466561752397,0.721279700530815,0.221309585776277
cue_wmean,linear90,structure_calendar_climate,49,0.0248657547800604,0.0206372478447165,0.735194385501588,0.198951264310543
cue_wmean,linear90,structure_calendar_climate_bgc,49,0.0263538510218477,0.0212063448306631,0.755468256902564,0.100204494483977
nosc_wmean,linear90,linear90,49,0.194786232362709,0.137259867901043,0.487916966597574,0.51058638720715
nosc_wmean,linear90,nearest45,49,0.222624517730069,0.15966925818412,0.567575514266457,0.360698809080491
nosc_wmean,linear90,global_mean,49,0.27958534545796,0.234837667126041,0.834776281947143,-0.00829668219875668
nosc_wmean,linear90,depth_mean,49,0.246523252972502,0.205503980361623,0.730503972173854,0.216073564920944
nosc_wmean,linear90,trt_depth_mean,49,0.234668215605625,0.197976335127333,0.703745489272024,0.289657053893687
nosc_wmean,linear90,plot_depth_mean,49,0.202987872992556,0.14772718557065,0.525125088416909,0.468504348285422
nosc_wmean,linear90,calendar,49,0.340354728888941,0.284846750930932,1.01254332227387,-0.49424946245918
nosc_wmean,linear90,structure_calendar,49,0.247863777817629,0.20424185965729,0.726017518012451,0.207524837550512
nosc_wmean,linear90,structure_calendar_climate,49,0.246625675636955,0.205123389574333,0.729151088003928,0.215422036007422
nosc_wmean,linear90,structure_calendar_climate_bgc,49,0.260758661243162,0.209600764960067,0.74506679191602,0.122924427775661
lambda_wmean,linear90,linear90,49,0.00335765175637339,0.00261886787158726,0.630623788634602,0.332671508789896
lambda_wmean,linear90,nearest45,49,0.00356690099114403,0.00279904027720625,0.674009331781532,0.246903767668447
lambda_wmean,linear90,global_mean,49,0.00433539680616318,0.00339843971460916,0.818344809039258,-0.112566739730286
lambda_wmean,linear90,depth_mean,49,0.00394883616064499,0.00317115299737619,0.763614132366781,0.076989597019565
lambda_wmean,linear90,trt_depth_mean,49,0.00396787757789728,0.0033136109530674,0.797918030136424,0.0680665624164884
lambda_wmean,linear90,plot_depth_mean,49,0.0033451632261309,0.00251537746588024,0.605703282929694,0.337626431990668
lambda_wmean,linear90,calendar,49,0.00433298096588236,0.0035538363781682,0.855764349665177,-0.111327160148597
lambda_wmean,linear90,structure_calendar,49,0.00375781406078098,0.00312461379346932,0.752407484866081,0.164129611749771
lambda_wmean,linear90,structure_calendar_climate,49,0.00372790683538818,0.00313490236739974,0.754884975060238,0.177381510837407
lambda_wmean,linear90,structure_calendar_climate_bgc,49,0.00402257545805886,0.00323752315568926,0.779596076756478,0.0421957382326349
richness,linear90,linear90,48,378.819191826709,245.935767691472,0.365312357742944,0.676635259202708
richness,linear90,nearest45,48,454.202552099097,287.375,0.426866086994222,0.535133920967131
richness,linear90,global_mean,48,673.241834852128,479.987080327085,0.712971576466304,-0.0213413304724321
richness,linear90,depth_mean,48,602.211429011523,384.321124439446,0.570869611269894,0.182803112498081
richness,linear90,trt_depth_mean,48,552.995704110863,331.261683914463,0.492055254575671,0.310915895361864
richness,linear90,plot_depth_mean,48,527.412100574978,280.787819669169,0.417081506247299,0.373200131988209
richness,linear90,calendar,48,800.865995690496,597.912001520012,0.888136951564091,-0.445268127290049
richness,linear90,structure_calendar,48,573.963136018686,352.588789946861,0.5237344831062,0.257670505309886
richness,linear90,structure_calendar_climate,48,606.19530391087,402.976035129099,0.598579567700756,0.171955165724018
richness,linear90,structure_calendar_climate_bgc,48,646.88836504164,426.528044069164,0.633563661296575,0.0570527530997906
shannon_classes,linear90,linear90,48,0.1223502499138,0.0941752384500909,0.592687576980298,0.394476095508467
shannon_classes,linear90,nearest45,48,0.132026579936112,0.0987386315498433,0.621407083759505,0.294910385797676
shannon_classes,linear90,global_mean,48,0.161374196436231,0.1296869400771,0.816178854922891,-0.0533913710453555
shannon_classes,linear90,depth_mean,48,0.146499322418539,0.119878920456458,0.75445252983358,0.131853930986495
shannon_classes,linear90,trt_depth_mean,48,0.129052965247562,0.103858341718073,0.653627746689471,0.326313962291063
shannon_classes,linear90,plot_depth_mean,48,0.128656202962147,0.0981775165640762,0.617875732134652,0.33044997460851
shannon_classes,linear90,calendar,48,0.175711856110734,0.137379468118232,0.864591430039094,-0.248888607186526
shannon_classes,linear90,structure_calendar,48,0.123761570528556,0.0989912799975312,0.62299711526622,0.380425985357182
shannon_classes,linear90,structure_calendar_climate,48,0.151783749739435,0.118642541128406,0.746671432803923,0.0680939604453532
shannon_classes,linear90,structure_calendar_climate_bgc,48,0.15615760858856,0.123413775440981,0.776698978796531,0.013611795617286
evenness,linear90,linear90,48,0.0748266954465109,0.0534921320065015,0.436249970011141,0.619681443239756
evenness,linear90,nearest45,48,0.0813051392374635,0.0587271750041983,0.478943862834009,0.550975146235374
evenness,linear90,global_mean,48,0.122629982721684,0.102941678677868,0.839531021696016,-0.0214749446314357
evenness,linear90,depth_mean,48,0.0995788376273747,0.0840104123845006,0.685138888816538,0.32645209552373
evenness,linear90,trt_depth_mean,48,0.0901942649967844,0.0718970800077797,0.586349764362923,0.447423728211913
evenness,linear90,plot_depth_mean,48,0.0765544545382746,0.0591478991487106,0.482375038383418,0.60191545495566
evenness,linear90,calendar,48,0.148743055451432,0.117997748536111,0.962319360424893,-0.502822820310174
evenness,linear90,structure_calendar,48,0.0944062082498355,0.0732471568591236,0.597360187089015,0.394609649819922
evenness,linear90,structure_calendar_climate,48,0.113919046728934,0.0870250188736179,0.709724223914285,0.118490354741824
evenness,linear90,structure_calendar_climate_bgc,48,0.114697925668016,0.0867511331581457,0.707490575138674,0.106395161426423
frac_labile,linear90,linear90,48,0.0636144026738256,0.0436407423619109,0.459045499563324,0.542720749522582
frac_labile,linear90,nearest45,48,0.0743727996627824,0.0492802552174937,0.518366053155563,0.374972899193101
frac_labile,linear90,global_mean,48,0.0948776474896064,0.0730774298301604,0.768682278706337,-0.0171813845207565
frac_labile,linear90,depth_mean,48,0.0857223313160771,0.0617383392383226,0.649409364827883,0.16965507547383
frac_labile,linear90,trt_depth_mean,48,0.0775730771778024,0.0532211491070591,0.559819280262912,0.320025499111594
frac_labile,linear90,plot_depth_mean,48,0.0729363569024206,0.0532648292938886,0.560278740668464,0.398883399079221
frac_labile,linear90,calendar,48,0.109705195981606,0.0796511094521991,0.837829087004028,-0.359956394068746
frac_labile,linear90,structure_calendar,48,0.0798954335071452,0.051653826053988,0.543333020980071,0.2787023734133
frac_labile,linear90,structure_calendar_climate,48,0.0874696963722088,0.0578455143436922,0.608461762845112,0.13545853823674
frac_labile,linear90,structure_calendar_climate_bgc,48,0.0989780029422963,0.0639520885090727,0.672695211605466,-0.10700086915313
frac_aromatic,linear90,linear90,48,0.115860393171903,0.0845190462152545,0.525293343627875,0.470448752390288
frac_aromatic,linear90,nearest45,48,0.132843972584545,0.09676368556361,0.601394859591909,0.303819734389189
frac_aromatic,linear90,global_mean,48,0.159887478902736,0.138532632691199,0.860992558323477,-0.00847911567449411
frac_aromatic,linear90,depth_mean,48,0.144978059660464,0.114855414498417,0.713836554212671,0.170831937736006
frac_aromatic,linear90,trt_depth_mean,48,0.147304250403342,0.117022206250338,0.727303356493109,0.144010265323487
frac_aromatic,linear90,plot_depth_mean,48,0.130318111342819,0.100014223304984,0.62159723899887,0.330042035820623
frac_aromatic,linear90,calendar,48,0.174730365101887,0.150501074847489,0.935377484323267,-0.204411152862947
frac_aromatic,linear90,structure_calendar,48,0.152046240728251,0.12764540242427,0.793327459794127,0.0880114759428258
frac_aromatic,linear90,structure_calendar_climate,48,0.143022028935799,0.120759402787716,0.75053036333739,0.19305512230953
frac_aromatic,linear90,structure_calendar_climate_bgc,48,0.140607971617939,0.116440614038084,0.723688709481776,0.220065940704884
frac_lignin,linear90,linear90,48,0.0748082473803206,0.0588605335612833,0.350411897270779,0.79744095696173
frac_lignin,linear90,nearest45,48,0.081472291409919,0.0660641616844924,0.393296948512436,0.759744942626498
frac_lignin,linear90,global_mean,48,0.167283109162252,0.147477272625558,0.877970140233892,-0.0128773507606932
frac_lignin,linear90,depth_mean,48,0.136207615756321,0.113338411869139,0.674732720446242,0.328485402162455
frac_lignin,linear90,trt_depth_mean,48,0.127379379706711,0.10284993271203,0.612292106021621,0.4127122587673
frac_lignin,linear90,plot_depth_mean,48,0.104901921235693,0.0786218545434842,0.46805612437824,0.601691512636411
frac_lignin,linear90,calendar,48,0.200589725413336,0.172082011864588,1.02444848212023,-0.456364365520871
frac_lignin,linear90,structure_calendar,48,0.133839750826538,0.102606085256888,0.610840419395096,0.351629995164372
frac_lignin,linear90,structure_calendar_climate,48,0.144959897542149,0.123586778492435,0.735743883191763,0.239413832065645
frac_lignin,linear90,structure_calendar_climate_bgc,48,0.140268453303735,0.118057637399445,0.70282748397742,0.287848009222109
cue_wmean,nearest45,linear90,49,0.0194630095047539,0.0137553206803993,0.540787095811772,0.509232679563045
cue_wmean,nearest45,nearest45,118,0.0195327264373516,0.0139620970862174,0.548916460047104,0.405251874964577
cue_wmean,nearest45,global_mean,118,0.0255272093977228,0.0215376563754805,0.846747735840491,-0.0158136117348862
cue_wmean,nearest45,depth_mean,118,0.0226732674048341,0.0179438141861926,0.705456701955673,0.198625412464076
cue_wmean,nearest45,trt_depth_mean,118,0.0215011695989966,0.0175815101066142,0.691212804954049,0.27933817692343
cue_wmean,nearest45,plot_depth_mean,118,0.0182287845491929,0.0136919254602114,0.53829472810837,0.482008336747502
cue_wmean,nearest45,calendar,118,0.0307012376772532,0.0249850098716848,0.982279602291659,-0.469329215010558
cue_wmean,nearest45,structure_calendar,118,0.0228404368102821,0.0178348088350552,0.701171183018006,0.186764821548069
cue_wmean,nearest45,structure_calendar_climate,118,0.0228662437948752,0.0183232522462901,0.720374217245082,0.184926064751147
cue_wmean,nearest45,structure_calendar_climate_bgc,118,0.0237084819370818,0.0188693828869242,0.741845210902337,0.123776614401469
nosc_wmean,nearest45,linear90,49,0.194786232362709,0.137259867901043,0.539133337007659,0.51058638720715
nosc_wmean,nearest45,nearest45,118,0.194922636205638,0.139106766901608,0.546387641098995,0.408811579496474
nosc_wmean,nearest45,global_mean,118,0.255501932209951,0.215377870575606,0.845967520271432,-0.0157568131010373
nosc_wmean,nearest45,depth_mean,118,0.227211946749214,0.179639586740922,0.705593640292103,0.196726033777833
nosc_wmean,nearest45,trt_depth_mean,118,0.215387787779052,0.176279069426863,0.692394101772169,0.278155722658629
nosc_wmean,nearest45,plot_depth_mean,118,0.182398228281806,0.13689908447305,0.537716241272061,0.482342396503289
nosc_wmean,nearest45,calendar,118,0.308941502778865,0.251052347509363,0.986090777632904,-0.485093768930291
nosc_wmean,nearest45,structure_calendar,118,0.229690288584408,0.179179721251436,0.703787367127829,0.179106847093048
nosc_wmean,nearest45,structure_calendar_climate,118,0.228261716209117,0.182680655396291,0.717538438996268,0.189286279871697
nosc_wmean,nearest45,structure_calendar_climate_bgc,118,0.233637690438459,0.185512981031095,0.728663330738735,0.150649052918489
lambda_wmean,nearest45,linear90,49,0.00335765175637339,0.00261886787158726,0.682225470676139,0.332671508789896
lambda_wmean,nearest45,nearest45,118,0.00339313485188254,0.00262285314242471,0.683263649540505,0.211998454515317
lambda_wmean,nearest45,global_mean,118,0.00390918123081097,0.00309655327820783,0.806664414275582,-0.0459151148557193
lambda_wmean,nearest45,depth_mean,118,0.00368038893929514,0.00300054028382878,0.781652648316741,0.0729305646407098
lambda_wmean,nearest45,trt_depth_mean,118,0.00369161453937018,0.00308967560561608,0.804872753278872,0.0672666079127882
lambda_wmean,nearest45,plot_depth_mean,118,0.00312330847862046,0.00240527988709303,0.626584953323873,0.332341181431089
lambda_wmean,nearest45,calendar,118,0.00406282286222602,0.00324153697552688,0.844433242637246,-0.129745459633305
lambda_wmean,nearest45,structure_calendar,118,0.00364832855503011,0.00295184770150568,0.768968037438041,0.0890118787025534
lambda_wmean,nearest45,structure_calendar_climate,118,0.00358905987461465,0.00294271859738326,0.766589869595233,0.118370250702633
lambda_wmean,nearest45,structure_calendar_climate_bgc,118,0.00368815470923587,0.00294143713190123,0.766256042753062,0.0690141288539737
richness,nearest45,linear90,48,378.819191826709,245.935767691472,0.357329989445839,0.676635259202708
richness,nearest45,nearest45,117,441.954526415109,288.247863247863,0.418806938490372,0.584109894572982
richness,nearest45,global_mean,117,693.001822338649,471.016457700316,0.684358795952017,-0.0225679317410572
richness,nearest45,depth_mean,117,636.52490637694,386.553473897221,0.561639122460739,0.13731108237227
richness,nearest45,trt_depth_mean,117,604.066571845659,356.37566639559,0.517792569609654,0.223050087765867
richness,nearest45,plot_depth_mean,117,565.818532038112,293.512802252735,0.42645658057661,0.318324397164875
richness,nearest45,calendar,117,805.839472725697,562.668951069063,0.817524397668089,-0.382676205616767
richness,nearest45,structure_calendar,117,618.845719045336,358.848040452517,0.521384781527264,0.184567160474389
richness,nearest45,structure_calendar_climate,117,655.111977716443,414.3824088787,0.602072903754788,0.0861929686634267
richness,nearest45,structure_calendar_climate_bgc,117,669.673378810916,434.122868360035,0.630754612984535,0.0451184862697073
shannon_classes,nearest45,linear90,48,0.1223502499138,0.0941752384500909,0.60585585130296,0.394476095508467
shannon_classes,nearest45,nearest45,117,0.148219805669765,0.113518503851008,0.73029652933387,0.082923620387552
shannon_classes,nearest45,global_mean,117,0.15625084902839,0.124821504914546,0.803011920813943,-0.0191492764974242
shannon_classes,nearest45,depth_mean,117,0.149614977139044,0.120836404858096,0.777374648990019,0.0655777526327611
shannon_classes,nearest45,trt_depth_mean,117,0.139301309403057,0.111539007465473,0.717561871184367,0.189965667885609
shannon_classes,nearest45,plot_depth_mean,117,0.130111675415012,0.104247717546102,0.670654948155567,0.293315497869348
shannon_classes,nearest45,calendar,117,0.176042280667323,0.137805511846761,0.886541696821993,-0.293680408917193
shannon_classes,nearest45,structure_calendar,117,0.138851158908582,0.110091018410193,0.708246549490448,0.195192441361094
shannon_classes,nearest45,structure_calendar_climate,117,0.14524331422266,0.115422757140686,0.742547127441203,0.119386519687773
shannon_classes,nearest45,structure_calendar_climate_bgc,117,0.145827888680593,0.11794362957612,0.758764610301152,0.112283678489116
evenness,nearest45,linear90,48,0.0748266954465109,0.0534921320065015,0.481823097899728,0.619681443239756
evenness,nearest45,nearest45,117,0.0834472303963879,0.0622119806244225,0.560365947412489,0.430167595474667
evenness,nearest45,global_mean,117,0.111057294798547,0.0902166103618326,0.812613837886808,-0.00929348361971583
evenness,nearest45,depth_mean,117,0.0971068598352426,0.0788735241064891,0.710442532420255,0.228345115915205
evenness,nearest45,trt_depth_mean,117,0.0907814368552094,0.0709526606210997,0.639096432733906,0.325600261819691
evenness,nearest45,plot_depth_mean,117,0.0776771224890828,0.0604907493449089,0.544862190949831,0.50624722857682
evenness,nearest45,calendar,117,0.133075954421472,0.103858739157876,0.93549345610165,-0.449180453392693
evenness,nearest45,structure_calendar,117,0.0955595907948734,0.0740095862893472,0.666631274593363,0.252739801266434
evenness,nearest45,structure_calendar_climate,117,0.0977525157108176,0.0750245981110563,0.675773855417797,0.218049657177387
evenness,nearest45,structure_calendar_climate_bgc,117,0.0963708672844268,0.0732295506108643,0.659605209394966,0.239997845922282
frac_labile,nearest45,linear90,48,0.0636144026738256,0.0436407423619109,0.473814262924072,0.542720749522582
frac_labile,nearest45,nearest45,117,0.0943768600302952,0.0551614984184413,0.598896886266826,-0.0589877125506737
frac_labile,nearest45,global_mean,117,0.0921776634081775,0.0664682746679345,0.721656297879786,-0.0102090692792758
frac_labile,nearest45,depth_mean,117,0.0876116173954655,0.0582183030525589,0.632085085097316,0.0873941071504952
frac_labile,nearest45,trt_depth_mean,117,0.0807219690890358,0.0514184875028761,0.558258440124736,0.225282497753058
frac_labile,nearest45,plot_depth_mean,117,0.0734091357538178,0.0480647134451108,0.5218459985119,0.359292075919783
frac_labile,nearest45,calendar,117,0.106469125217652,0.0766291424496885,0.831974404724886,-0.347743495547107
frac_labile,nearest45,structure_calendar,117,0.0835473907642219,0.0509276150422629,0.552928962198207,0.170100208900195
frac_labile,nearest45,structure_calendar_climate,117,0.0830163630740561,0.0544137527656057,0.590778496519583,0.180616377508234
frac_labile,nearest45,structure_calendar_climate_bgc,117,0.0897277793189753,0.0589102687244708,0.639597862998451,0.0427757068561905
frac_aromatic,nearest45,linear90,48,0.115860393171903,0.0845190462152545,0.58066943915442,0.470448752390288
frac_aromatic,nearest45,nearest45,117,0.12001981154676,0.0888911174425288,0.610706788854497,0.314223627936566
frac_aromatic,nearest45,global_mean,117,0.145375538490689,0.122845325395641,0.84398167507189,-0.00614207220116314
frac_aromatic,nearest45,depth_mean,117,0.127947560421205,0.100619055340648,0.691280995813655,0.220635435233456
frac_aromatic,nearest45,trt_depth_mean,117,0.129824078710346,0.10202083143647,0.700911588867295,0.197606992445711
frac_aromatic,nearest45,plot_depth_mean,117,0.116075006933626,0.0868412021010823,0.596623298269425,0.358562903174011
frac_aromatic,nearest45,calendar,117,0.157284129445737,0.13149150340021,0.903383331356037,-0.177731910912838
frac_aromatic,nearest45,structure_calendar,117,0.134452765510093,0.10785843896317,0.741017582017048,0.139370723353115
frac_aromatic,nearest45,structure_calendar_climate,117,0.128552685513774,0.106493596036913,0.731640730147414,0.213246028284569
frac_aromatic,nearest45,structure_calendar_climate_bgc,117,0.130285493675646,0.106700843470899,0.733064577867514,0.191893197534398
frac_lignin,nearest45,linear90,48,0.0748082473803206,0.0588605335612833,0.373009258802623,0.79744095696173
frac_lignin,nearest45,nearest45,117,0.0880529030360184,0.0653287296614567,0.41399932272387,0.685944744773506
frac_lignin,nearest45,global_mean,117,0.158068558810991,0.137286108283519,0.870005526562467,-0.0120680027051072
frac_lignin,nearest45,depth_mean,117,0.130211363088184,0.105015281820989,0.665499785084548,0.313221837023183
frac_lignin,nearest45,trt_depth_mean,117,0.123052863791219,0.0983025068269602,0.622959782921221,0.386658772371625
frac_lignin,nearest45,plot_depth_mean,117,0.0987813113423481,0.0725916419717175,0.460025639063293,0.604753273530396
frac_lignin,nearest45,calendar,117,0.18294152772798,0.15559314998128,0.986020377964397,-0.35563667716772
frac_lignin,nearest45,structure_calendar,117,0.127829040664646,0.0988406989727353,0.626370398511036,0.338122273425592
frac_lignin,nearest45,structure_calendar_climate,117,0.130289903570018,0.108536437014675,0.687813947214224,0.312393089758739
frac_lignin,nearest45,structure_calendar_climate_bgc,117,0.129058235545534,0.105894742689023,0.671073078880632,0.325331934756522
