scope,metric,metric_label,metric_order,lag_bin,n_pairs,median_lag_days,mean_scaled_semivar,rho_hat,median_abs_raw_change,depth_label,treatment_label
overall,richness,"Formula richness
(detected formulae)",1,00-45 d,85,27,0.543239223885147,0.456760776114853,155,,
overall,richness,"Formula richness
(detected formulae)",1,46-90 d,85,70,0.902947353722385,0.097052646277615,150,,
overall,richness,"Formula richness
(detected formulae)",1,91-180 d,138,138,0.679475574508907,0.320524425491093,172.5,,
overall,richness,"Formula richness
(detected formulae)",1,181-365 d,254,267,0.825828620124029,0.174171379875971,187.5,,
overall,richness,"Formula richness
(detected formulae)",1,>365 d,1070,926,1.12667854402769,-0.126678544027689,250,,
overall,mean_nosc,"Mean NOSC
(formula-count mean)",2,00-45 d,85,27,0.848062061206767,0.151937938793233,0.052789203525372,,
overall,mean_nosc,"Mean NOSC
(formula-count mean)",2,46-90 d,85,70,0.855007461799907,0.144992538200093,0.052243393663692,,
overall,mean_nosc,"Mean NOSC
(formula-count mean)",2,91-180 d,138,138,0.74826643207391,0.25173356792609,0.066501136547866,,
overall,mean_nosc,"Mean NOSC
(formula-count mean)",2,181-365 d,254,267,0.759452188811874,0.240547811188126,0.04829492436956,,
overall,mean_nosc,"Mean NOSC
(formula-count mean)",2,>365 d,1070,926,1.11315651117759,-0.113156511177586,0.086315098655949,,
overall,mean_hc,"Mean H/C
(formula-count mean)",3,00-45 d,85,27,0.849409436809617,0.150590563190383,0.035837924414734,,
overall,mean_hc,"Mean H/C
(formula-count mean)",3,46-90 d,85,70,0.780441845862275,0.219558154137725,0.03766102754717,,
overall,mean_hc,"Mean H/C
(formula-count mean)",3,91-180 d,138,138,0.778197207722849,0.221802792277151,0.0461586936375601,,
overall,mean_hc,"Mean H/C
(formula-count mean)",3,181-365 d,254,267,0.894136710120834,0.105863289879166,0.0346275312626949,,
overall,mean_hc,"Mean H/C
(formula-count mean)",3,>365 d,1070,926,1.08314084293126,-0.0831408429312561,0.0428708283954335,,
overall,mean_oc,"Mean O/C
(formula-count mean)",4,00-45 d,85,27,0.645863253882242,0.354136746117758,0.019638450876228,,
overall,mean_oc,"Mean O/C
(formula-count mean)",4,46-90 d,85,70,0.85896417639623,0.14103582360377,0.023178002949712,,
overall,mean_oc,"Mean O/C
(formula-count mean)",4,91-180 d,138,138,0.602532354085075,0.397467645914925,0.026583409644626,,
overall,mean_oc,"Mean O/C
(formula-count mean)",4,181-365 d,254,267,0.684594937866668,0.315405062133332,0.0245121779461955,,
overall,mean_oc,"Mean O/C
(formula-count mean)",4,>365 d,1070,926,1.16547017695744,-0.165470176957436,0.040491421720181,,
overall,mean_ai,"Aromaticity
(mean AI_mod)",5,00-45 d,85,27,0.654220124265228,0.345779875734772,0.03265208791579,,
overall,mean_ai,"Aromaticity
(mean AI_mod)",5,46-90 d,85,70,0.712752739292641,0.287247260707359,0.035946897186874,,
overall,mean_ai,"Aromaticity
(mean AI_mod)",5,91-180 d,138,138,0.590868062011032,0.409131937988968,0.0338215227378205,,
overall,mean_ai,"Aromaticity
(mean AI_mod)",5,181-365 d,254,267,0.719952066933939,0.280047933066061,0.0319795715075395,,
overall,mean_ai,"Aromaticity
(mean AI_mod)",5,>365 d,1070,926,1.16953241966247,-0.169532419662466,0.051813231336712,,
overall,frac_lignin,"Lignin-like formulae
(%)",6,00-45 d,85,27,0.443070393821708,0.556929606178292,5.0291155490266,,
overall,frac_lignin,"Lignin-like formulae
(%)",6,46-90 d,85,70,0.593201655444937,0.406798344555063,5.6776168097651,,
overall,frac_lignin,"Lignin-like formulae
(%)",6,91-180 d,138,138,0.569850577112788,0.430149422887212,4.79108176493015,,
overall,frac_lignin,"Lignin-like formulae
(%)",6,181-365 d,254,267,0.728793788026546,0.271206211973455,5.2026693106854,,
overall,frac_lignin,"Lignin-like formulae
(%)",6,>365 d,1070,926,1.19641483552526,-0.19641483552526,8.3064290435404,,
overall,frac_n_containing,"N-containing formulae
(%)",7,00-45 d,85,27,0.729725082043867,0.270274917956133,5.6867605303001,,
overall,frac_n_containing,"N-containing formulae
(%)",7,46-90 d,85,70,0.735228403859476,0.264771596140524,6.8807070316683,,
overall,frac_n_containing,"N-containing formulae
(%)",7,91-180 d,138,138,0.912440810523912,0.0875591894760879,7.34322111997696,,
overall,frac_n_containing,"N-containing formulae
(%)",7,181-365 d,254,267,0.878158880218236,0.121841119781764,7.0469055293524,,
overall,frac_n_containing,"N-containing formulae
(%)",7,>365 d,1070,926,1.08271940772942,-0.0827194077294242,8.852286895556,,
by_depth,richness,"Formula richness
(detected formulae)",1,00-45 d,55,27,0.64350933337368,0.35649066662632,254,0-10 cm,
by_depth,richness,"Formula richness
(detected formulae)",1,46-90 d,45,70,1.34832903958902,-0.34832903958902,284,0-10 cm,
by_depth,richness,"Formula richness
(detected formulae)",1,91-180 d,72,135,0.858293495636575,0.141706504363425,344.5,0-10 cm,
by_depth,richness,"Formula richness
(detected formulae)",1,181-365 d,133,267,0.825802378777319,0.174197621222681,304,0-10 cm,
by_depth,richness,"Formula richness
(detected formulae)",1,>365 d,643,954,1.05801451293892,-0.0580145129389189,385,0-10 cm,
by_depth,richness,"Formula richness
(detected formulae)",1,00-45 d,30,28,0.359410689822838,0.640589310177162,80,10-30 cm,
by_depth,richness,"Formula richness
(detected formulae)",1,46-90 d,40,70,0.40189295712242,0.59810704287758,78.5,10-30 cm,
by_depth,richness,"Formula richness
(detected formulae)",1,91-180 d,66,138,0.484401478733269,0.515598521266731,124.5,10-30 cm,
by_depth,richness,"Formula richness
(detected formulae)",1,181-365 d,121,267,0.825857463918346,0.174142536081654,150,10-30 cm,
by_depth,richness,"Formula richness
(detected formulae)",1,>365 d,427,911,1.23007660489439,-0.230076604894385,170,10-30 cm,
by_depth,mean_nosc,"Mean NOSC
(formula-count mean)",2,00-45 d,55,27,0.612663553341414,0.387336446658586,0.051112082132001,0-10 cm,
by_depth,mean_nosc,"Mean NOSC
(formula-count mean)",2,46-90 d,45,70,0.604492116487392,0.395507883512608,0.0656071312048739,0-10 cm,
by_depth,mean_nosc,"Mean NOSC
(formula-count mean)",2,91-180 d,72,135,0.619096313389988,0.380903686610012,0.0543235495163745,0-10 cm,
by_depth,mean_nosc,"Mean NOSC
(formula-count mean)",2,181-365 d,133,267,0.757624759677735,0.242375240322265,0.041727638455837,0-10 cm,
by_depth,mean_nosc,"Mean NOSC
(formula-count mean)",2,>365 d,643,954,1.15359616131115,-0.153596161311154,0.0974104510816259,0-10 cm,
by_depth,mean_nosc,"Mean NOSC
(formula-count mean)",2,00-45 d,30,28,1.27962599229325,-0.279625992293248,0.0555052489119801,10-30 cm,
by_depth,mean_nosc,"Mean NOSC
(formula-count mean)",2,46-90 d,40,70,1.13683722527649,-0.136837225276486,0.0470207544016386,10-30 cm,
by_depth,mean_nosc,"Mean NOSC
(formula-count mean)",2,91-180 d,66,138,0.889179288820007,0.110820711179993,0.0739813507411205,10-30 cm,
by_depth,mean_nosc,"Mean NOSC
(formula-count mean)",2,181-365 d,121,267,0.761460850587414,0.238539149412586,0.0492168444875201,10-30 cm,
by_depth,mean_nosc,"Mean NOSC
(formula-count mean)",2,>365 d,427,911,1.05226026987575,-0.0522602698757508,0.0738500712642,10-30 cm,
by_depth,mean_hc,"Mean H/C
(formula-count mean)",3,00-45 d,55,27,0.688267740500916,0.311732259499084,0.0349642442370699,0-10 cm,
by_depth,mean_hc,"Mean H/C
(formula-count mean)",3,46-90 d,45,70,0.547388611314107,0.452611388685893,0.0275276561737701,0-10 cm,
by_depth,mean_hc,"Mean H/C
(formula-count mean)",3,91-180 d,72,135,0.700000157031359,0.299999842968641,0.0273476737153201,0-10 cm,
by_depth,mean_hc,"Mean H/C
(formula-count mean)",3,181-365 d,133,267,0.993143535515931,0.00685646448406918,0.0264210055573459,0-10 cm,
by_depth,mean_hc,"Mean H/C
(formula-count mean)",3,>365 d,643,954,1.09335098792137,-0.0933509879213659,0.03869582297563,0-10 cm,
by_depth,mean_hc,"Mean H/C
(formula-count mean)",3,00-45 d,30,28,1.14483588004223,-0.144835880042234,0.03804100261234,10-30 cm,
by_depth,mean_hc,"Mean H/C
(formula-count mean)",3,46-90 d,40,70,1.04262673472896,-0.0426267347289637,0.0495379513255509,10-30 cm,
by_depth,mean_hc,"Mean H/C
(formula-count mean)",3,91-180 d,66,138,0.863503081204474,0.136496918795526,0.0563407388282854,10-30 cm,
by_depth,mean_hc,"Mean H/C
(formula-count mean)",3,181-365 d,121,267,0.785311026008869,0.214688973991131,0.04766712771953,10-30 cm,
by_depth,mean_hc,"Mean H/C
(formula-count mean)",3,>365 d,427,911,1.06776584707964,-0.0677658470796392,0.0538786668345039,10-30 cm,
by_depth,mean_oc,"Mean O/C
(formula-count mean)",4,00-45 d,55,27,0.417728463154477,0.582271536845523,0.020487732488771,0-10 cm,
by_depth,mean_oc,"Mean O/C
(formula-count mean)",4,46-90 d,45,70,0.570626857731252,0.429373142268748,0.024851827576531,0-10 cm,
by_depth,mean_oc,"Mean O/C
(formula-count mean)",4,91-180 d,72,135,0.623810563600604,0.376189436399396,0.0261834948773665,0-10 cm,
by_depth,mean_oc,"Mean O/C
(formula-count mean)",4,181-365 d,133,267,0.570967287970348,0.429032712029652,0.027174982520504,0-10 cm,
by_depth,mean_oc,"Mean O/C
(formula-count mean)",4,>365 d,643,954,1.21072117581539,-0.210721175815393,0.053343427998873,0-10 cm,
by_depth,mean_oc,"Mean O/C
(formula-count mean)",4,00-45 d,30,28,1.06411037021648,-0.0641103702164776,0.0190429893634825,10-30 cm,
by_depth,mean_oc,"Mean O/C
(formula-count mean)",4,46-90 d,40,70,1.18334365989433,-0.18334365989433,0.0189307192408145,10-30 cm,
by_depth,mean_oc,"Mean O/C
(formula-count mean)",4,91-180 d,66,138,0.579319761886316,0.420680238113684,0.026583409644626,10-30 cm,
by_depth,mean_oc,"Mean O/C
(formula-count mean)",4,181-365 d,121,267,0.809491445603944,0.190508554396056,0.023025647399454,10-30 cm,
by_depth,mean_oc,"Mean O/C
(formula-count mean)",4,>365 d,427,911,1.09732874308,-0.0973287430799963,0.031447259611182,10-30 cm,
by_depth,mean_ai,"Aromaticity
(mean AI_mod)",5,00-45 d,55,27,0.415135216062842,0.584864783937158,0.029627243499457,0-10 cm,
by_depth,mean_ai,"Aromaticity
(mean AI_mod)",5,46-90 d,45,70,0.561710564687355,0.438289435312645,0.039774604519569,0-10 cm,
by_depth,mean_ai,"Aromaticity
(mean AI_mod)",5,91-180 d,72,135,0.68571377932359,0.31428622067641,0.037670088536453,0-10 cm,
by_depth,mean_ai,"Aromaticity
(mean AI_mod)",5,181-365 d,133,267,0.652238290892261,0.347761709107739,0.031979931380353,0-10 cm,
by_depth,mean_ai,"Aromaticity
(mean AI_mod)",5,>365 d,643,954,1.18782504339913,-0.187825043399134,0.060392113928889,0-10 cm,
by_depth,mean_ai,"Aromaticity
(mean AI_mod)",5,00-45 d,30,28,1.0925424559696,-0.0925424559696038,0.037339071211503,10-30 cm,
by_depth,mean_ai,"Aromaticity
(mean AI_mod)",5,46-90 d,40,70,0.882675185723587,0.117324814276413,0.0305110408257185,10-30 cm,
by_depth,mean_ai,"Aromaticity
(mean AI_mod)",5,91-180 d,66,138,0.487400006760969,0.512599993239031,0.0294030280151275,10-30 cm,
by_depth,mean_ai,"Aromaticity
(mean AI_mod)",5,181-365 d,121,267,0.794381258781404,0.205618741218596,0.031979211634726,10-30 cm,
by_depth,mean_ai,"Aromaticity
(mean AI_mod)",5,>365 d,427,911,1.14198638438687,-0.141986384386873,0.046257838525453,10-30 cm,
by_depth,frac_lignin,"Lignin-like formulae
(%)",6,00-45 d,55,27,0.447109947092802,0.552890052907199,4.79966989773629,0-10 cm,
by_depth,frac_lignin,"Lignin-like formulae
(%)",6,46-90 d,45,70,0.570682877720948,0.429317122279052,6.0249114141522,0-10 cm,
by_depth,frac_lignin,"Lignin-like formulae
(%)",6,91-180 d,72,135,0.646217377705419,0.353782622294581,4.76992840711525,0-10 cm,
by_depth,frac_lignin,"Lignin-like formulae
(%)",6,181-365 d,133,267,0.618285373282905,0.381714626717095,5.13843470678,0-10 cm,
by_depth,frac_lignin,"Lignin-like formulae
(%)",6,>365 d,643,954,1.19590764785542,-0.195907647855422,8.54118467340661,0-10 cm,
by_depth,frac_lignin,"Lignin-like formulae
(%)",6,00-45 d,30,28,0.435664546158037,0.564335453841963,5.71226673588875,10-30 cm,
by_depth,frac_lignin,"Lignin-like formulae
(%)",6,46-90 d,40,70,0.618535280384425,0.381464719615575,4.9152377988903,10-30 cm,
by_depth,frac_lignin,"Lignin-like formulae
(%)",6,91-180 d,66,138,0.486541340102644,0.513458659897356,4.8759054233376,10-30 cm,
by_depth,frac_lignin,"Lignin-like formulae
(%)",6,181-365 d,121,267,0.850261714976167,0.149738285023833,5.2669039145908,10-30 cm,
by_depth,frac_lignin,"Lignin-like formulae
(%)",6,>365 d,427,911,1.19717858651286,-0.19717858651286,7.799043062201,10-30 cm,
by_depth,frac_n_containing,"N-containing formulae
(%)",7,00-45 d,55,27,0.69789767929602,0.30210232070398,4.8179965566916,0-10 cm,
by_depth,frac_n_containing,"N-containing formulae
(%)",7,46-90 d,45,70,0.649871321805569,0.350128678194431,5.0490799644298,0-10 cm,
by_depth,frac_n_containing,"N-containing formulae
(%)",7,91-180 d,72,135,0.925271817589628,0.0747281824103725,7.28432453000765,0-10 cm,
by_depth,frac_n_containing,"N-containing formulae
(%)",7,181-365 d,133,267,0.914226536302453,0.085773463697547,5.9887197608045,0-10 cm,
by_depth,frac_n_containing,"N-containing formulae
(%)",7,>365 d,643,954,1.0764536826793,-0.0764536826792983,7.72511466967085,0-10 cm,
by_depth,frac_n_containing,"N-containing formulae
(%)",7,00-45 d,30,28,0.788075320414918,0.211924679585082,8.0091772027256,10-30 cm,
by_depth,frac_n_containing,"N-containing formulae
(%)",7,46-90 d,40,70,0.831255121170121,0.168744878829879,9.51246930014214,10-30 cm,
by_depth,frac_n_containing,"N-containing formulae
(%)",7,91-180 d,66,138,0.898443348270405,0.101556651729596,7.97078367603275,10-30 cm,
by_depth,frac_n_containing,"N-containing formulae
(%)",7,181-365 d,121,267,0.838514266505833,0.161485733494167,9.0772385509227,10-30 cm,
by_depth,frac_n_containing,"N-containing formulae
(%)",7,>365 d,427,911,1.09215467987751,-0.0921546798775066,11.1127487103905,10-30 cm,
by_treatment_depth,richness,"Formula richness
(detected formulae)",1,00-45 d,28,27,0.742720202151621,0.257279797848379,177.5,0-10 cm,Control
by_treatment_depth,richness,"Formula richness
(detected formulae)",1,46-90 d,23,70,1.92943765968642,-0.929437659686424,283,0-10 cm,Control
by_treatment_depth,richness,"Formula richness
(detected formulae)",1,91-180 d,36,135,1.02628979930715,-0.0262897993071494,263,0-10 cm,Control
by_treatment_depth,richness,"Formula richness
(detected formulae)",1,181-365 d,67,267,1.12696420007694,-0.126964200076943,282,0-10 cm,Control
by_treatment_depth,richness,"Formula richness
(detected formulae)",1,>365 d,326,954,0.927526791370412,0.0724732086295881,207,0-10 cm,Control
by_treatment_depth,richness,"Formula richness
(detected formulae)",1,00-45 d,27,27,0.540623987974333,0.459376012025667,420,0-10 cm,Warmed
by_treatment_depth,richness,"Formula richness
(detected formulae)",1,46-90 d,22,70.5,0.740806391305371,0.259193608694629,324,0-10 cm,Warmed
by_treatment_depth,richness,"Formula richness
(detected formulae)",1,91-180 d,36,135,0.690297191966001,0.309702808033999,405.5,0-10 cm,Warmed
by_treatment_depth,richness,"Formula richness
(detected formulae)",1,181-365 d,66,267,0.520077499579216,0.479922500420784,334.5,0-10 cm,Warmed
by_treatment_depth,richness,"Formula richness
(detected formulae)",1,>365 d,317,938,1.19220693322704,-0.192206933227036,656,0-10 cm,Warmed
by_treatment_depth,richness,"Formula richness
(detected formulae)",1,00-45 d,17,28,0.1241905780492,0.8758094219508,50,10-30 cm,Control
by_treatment_depth,richness,"Formula richness
(detected formulae)",1,46-90 d,21,70,0.313406091063686,0.686593908936314,76,10-30 cm,Control
by_treatment_depth,richness,"Formula richness
(detected formulae)",1,91-180 d,35,126,0.432564539741381,0.567435460258619,110,10-30 cm,Control
by_treatment_depth,richness,"Formula richness
(detected formulae)",1,181-365 d,62,266.5,0.714173289746625,0.285826710253375,101.5,10-30 cm,Control
by_treatment_depth,richness,"Formula richness
(detected formulae)",1,>365 d,237,925,1.28223092576197,-0.282230925761971,129,10-30 cm,Control
by_treatment_depth,richness,"Formula richness
(detected formulae)",1,00-45 d,13,27,0.66700622060375,0.33299377939625,162,10-30 cm,Warmed
by_treatment_depth,richness,"Formula richness
(detected formulae)",1,46-90 d,19,70,0.499694230134705,0.500305769865295,84,10-30 cm,Warmed
by_treatment_depth,richness,"Formula richness
(detected formulae)",1,91-180 d,31,140,0.542927055014434,0.457072944985566,126,10-30 cm,Warmed
by_treatment_depth,richness,"Formula richness
(detected formulae)",1,181-365 d,59,267,0.943220494403884,0.0567795055961163,187,10-30 cm,Warmed
by_treatment_depth,richness,"Formula richness
(detected formulae)",1,>365 d,190,881,1.16502095202271,-0.165020952022712,248,10-30 cm,Warmed
by_treatment_depth,mean_nosc,"Mean NOSC
(formula-count mean)",2,00-45 d,28,27,0.579731781003518,0.420268218996482,0.0425390265114175,0-10 cm,Control
by_treatment_depth,mean_nosc,"Mean NOSC
(formula-count mean)",2,46-90 d,23,70,0.8971913244038,0.1028086755962,0.0493207066369831,0-10 cm,Control
by_treatment_depth,mean_nosc,"Mean NOSC
(formula-count mean)",2,91-180 d,36,135,0.856856429552897,0.143143570447103,0.0711815098402656,0-10 cm,Control
by_treatment_depth,mean_nosc,"Mean NOSC
(formula-count mean)",2,181-365 d,67,267,0.943849389325942,0.0561506106740575,0.034578371029107,0-10 cm,Control
by_treatment_depth,mean_nosc,"Mean NOSC
(formula-count mean)",2,>365 d,326,954,1.07069745129408,-0.0706974512940846,0.0741932324700536,0-10 cm,Control
by_treatment_depth,mean_nosc,"Mean NOSC
(formula-count mean)",2,00-45 d,27,27,0.646815020951084,0.353184979048916,0.056036217116381,0-10 cm,Warmed
by_treatment_depth,mean_nosc,"Mean NOSC
(formula-count mean)",2,46-90 d,22,70.5,0.298488399120238,0.701511600879762,0.0700699920346075,0-10 cm,Warmed
by_treatment_depth,mean_nosc,"Mean NOSC
(formula-count mean)",2,91-180 d,36,135,0.38133619722708,0.61866380277292,0.0458958200395315,0-10 cm,Warmed
by_treatment_depth,mean_nosc,"Mean NOSC
(formula-count mean)",2,181-365 d,66,267,0.568578544731827,0.431421455268173,0.0521279184616715,0-10 cm,Warmed
by_treatment_depth,mean_nosc,"Mean NOSC
(formula-count mean)",2,>365 d,317,938,1.23884846246435,-0.238848462464353,0.136231753733768,0-10 cm,Warmed
by_treatment_depth,mean_nosc,"Mean NOSC
(formula-count mean)",2,00-45 d,17,28,1.68499524757887,-0.684995247578871,0.06237720588483,10-30 cm,Control
by_treatment_depth,mean_nosc,"Mean NOSC
(formula-count mean)",2,46-90 d,21,70,0.949784446077433,0.0502155539225674,0.0398457640732199,10-30 cm,Control
by_treatment_depth,mean_nosc,"Mean NOSC
(formula-count mean)",2,91-180 d,35,126,0.974684535224903,0.0253154647750966,0.095864577101769,10-30 cm,Control
by_treatment_depth,mean_nosc,"Mean NOSC
(formula-count mean)",2,181-365 d,62,266.5,0.700312766485005,0.299687233514995,0.071207400831812,10-30 cm,Control
by_treatment_depth,mean_nosc,"Mean NOSC
(formula-count mean)",2,>365 d,237,925,1.03745256189279,-0.0374525618927901,0.091522526077934,10-30 cm,Control
by_treatment_depth,mean_nosc,"Mean NOSC
(formula-count mean)",2,00-45 d,13,27,0.74952773538128,0.250472264618721,0.05297242851761,10-30 cm,Warmed
by_treatment_depth,mean_nosc,"Mean NOSC
(formula-count mean)",2,46-90 d,19,70,1.34357977070702,-0.343579770707019,0.058659853610472,10-30 cm,Warmed
by_treatment_depth,mean_nosc,"Mean NOSC
(formula-count mean)",2,91-180 d,31,140,0.792641107395123,0.207358892604877,0.041848316157318,10-30 cm,Warmed
by_treatment_depth,mean_nosc,"Mean NOSC
(formula-count mean)",2,181-365 d,59,267,0.825718159305201,0.174281840694799,0.0433953824614061,10-30 cm,Warmed
by_treatment_depth,mean_nosc,"Mean NOSC
(formula-count mean)",2,>365 d,190,881,1.07073093720187,-0.070730937201865,0.05102240985977,10-30 cm,Warmed
by_treatment_depth,mean_hc,"Mean H/C
(formula-count mean)",3,00-45 d,28,27,0.679801377543964,0.320198622456036,0.037410707173505,0-10 cm,Control
by_treatment_depth,mean_hc,"Mean H/C
(formula-count mean)",3,46-90 d,23,70,0.497135243268555,0.502864756731445,0.0263177270289201,0-10 cm,Control
by_treatment_depth,mean_hc,"Mean H/C
(formula-count mean)",3,91-180 d,36,135,0.685584809159717,0.314415190840283,0.0212965643524,0-10 cm,Control
by_treatment_depth,mean_hc,"Mean H/C
(formula-count mean)",3,181-365 d,67,267,1.4820826735187,-0.482082673518698,0.0279041222632099,0-10 cm,Control
by_treatment_depth,mean_hc,"Mean H/C
(formula-count mean)",3,>365 d,326,954,0.998622265576962,0.00137773442303779,0.0379070138963401,0-10 cm,Control
by_treatment_depth,mean_hc,"Mean H/C
(formula-count mean)",3,00-45 d,27,27,0.697047672456274,0.302952327543726,0.0271496572188501,0-10 cm,Warmed
by_treatment_depth,mean_hc,"Mean H/C
(formula-count mean)",3,46-90 d,22,70.5,0.59992622336173,0.40007377663827,0.03111849989935,0-10 cm,Warmed
by_treatment_depth,mean_hc,"Mean H/C
(formula-count mean)",3,91-180 d,36,135,0.714415504903,0.285584495097,0.0317327611974401,0-10 cm,Warmed
by_treatment_depth,mean_hc,"Mean H/C
(formula-count mean)",3,181-365 d,66,267,0.496796228755546,0.503203771244455,0.0256826855055949,0-10 cm,Warmed
by_treatment_depth,mean_hc,"Mean H/C
(formula-count mean)",3,>365 d,317,938,1.19076916925977,-0.190769169259774,0.0397760354080401,0-10 cm,Warmed
by_treatment_depth,mean_hc,"Mean H/C
(formula-count mean)",3,00-45 d,17,28,1.29007661683206,-0.290076616832061,0.0592583128939369,10-30 cm,Control
by_treatment_depth,mean_hc,"Mean H/C
(formula-count mean)",3,46-90 d,21,70,1.00058282423006,-0.000582824230061174,0.030160705397148,10-30 cm,Control
by_treatment_depth,mean_hc,"Mean H/C
(formula-count mean)",3,91-180 d,35,126,0.880808576149768,0.119191423850232,0.0561197732176689,10-30 cm,Control
by_treatment_depth,mean_hc,"Mean H/C
(formula-count mean)",3,181-365 d,62,266.5,0.573352639591894,0.426647360408106,0.0462344550501049,10-30 cm,Control
by_treatment_depth,mean_hc,"Mean H/C
(formula-count mean)",3,>365 d,237,925,1.1083556725109,-0.108355672510905,0.0581631111808301,10-30 cm,Control
by_treatment_depth,mean_hc,"Mean H/C
(formula-count mean)",3,00-45 d,13,27,0.954905685778614,0.0450943142213862,0.02176568547654,10-30 cm,Warmed
by_treatment_depth,mean_hc,"Mean H/C
(formula-count mean)",3,46-90 d,19,70,1.08909632001722,-0.0890963200172246,0.05135172824475,10-30 cm,Warmed
by_treatment_depth,mean_hc,"Mean H/C
(formula-count mean)",3,91-180 d,31,140,0.843964619169465,0.156035380830535,0.056561704438902,10-30 cm,Warmed
by_treatment_depth,mean_hc,"Mean H/C
(formula-count mean)",3,181-365 d,59,267,1.00804695749789,-0.00804695749789364,0.04893090690669,10-30 cm,Warmed
by_treatment_depth,mean_hc,"Mean H/C
(formula-count mean)",3,>365 d,190,881,1.01713538062064,-0.01713538062064,0.052275656783407,10-30 cm,Warmed
by_treatment_depth,mean_oc,"Mean O/C
(formula-count mean)",4,00-45 d,28,27,0.361056127016167,0.638943872983833,0.017993608979017,0-10 cm,Control
by_treatment_depth,mean_oc,"Mean O/C
(formula-count mean)",4,46-90 d,23,70,0.889692673436828,0.110307326563172,0.024851827576531,0-10 cm,Control
by_treatment_depth,mean_oc,"Mean O/C
(formula-count mean)",4,91-180 d,36,135,0.984802283339989,0.0151977166600107,0.0280974342783575,0-10 cm,Control
by_treatment_depth,mean_oc,"Mean O/C
(formula-count mean)",4,181-365 d,67,267,0.647049579098988,0.352950420901012,0.024045275270253,0-10 cm,Control
by_treatment_depth,mean_oc,"Mean O/C
(formula-count mean)",4,>365 d,326,954,1.13687819924733,-0.136878199247327,0.0395740604119695,0-10 cm,Control
by_treatment_depth,mean_oc,"Mean O/C
(formula-count mean)",4,00-45 d,27,27,0.476499774705317,0.523500225294683,0.027765161426579,0-10 cm,Warmed
by_treatment_depth,mean_oc,"Mean O/C
(formula-count mean)",4,46-90 d,22,70.5,0.237058050402696,0.762941949597304,0.0296019674884905,0-10 cm,Warmed
by_treatment_depth,mean_oc,"Mean O/C
(formula-count mean)",4,91-180 d,36,135,0.262818843861219,0.737181156138781,0.0249652911468055,0-10 cm,Warmed
by_treatment_depth,mean_oc,"Mean O/C
(formula-count mean)",4,181-365 d,66,267,0.493732234854911,0.506267765145089,0.02902785197193,0-10 cm,Warmed
by_treatment_depth,mean_oc,"Mean O/C
(formula-count mean)",4,>365 d,317,938,1.28666064067719,-0.28666064067719,0.079828599452623,0-10 cm,Warmed
by_treatment_depth,mean_oc,"Mean O/C
(formula-count mean)",4,00-45 d,17,28,1.29759710360802,-0.297597103608018,0.016721788483451,10-30 cm,Control
by_treatment_depth,mean_oc,"Mean O/C
(formula-count mean)",4,46-90 d,21,70,1.65786642303993,-0.657866423039926,0.021718214870295,10-30 cm,Control
by_treatment_depth,mean_oc,"Mean O/C
(formula-count mean)",4,91-180 d,35,126,0.652180529455825,0.347819470544175,0.025942309792231,10-30 cm,Control
by_treatment_depth,mean_oc,"Mean O/C
(formula-count mean)",4,181-365 d,62,266.5,0.707177054585584,0.292822945414416,0.0233830197716605,10-30 cm,Control
by_treatment_depth,mean_oc,"Mean O/C
(formula-count mean)",4,>365 d,237,925,1.04833062632728,-0.0483306263272794,0.027799804799395,10-30 cm,Control
by_treatment_depth,mean_oc,"Mean O/C
(formula-count mean)",4,00-45 d,13,27,0.758781565012156,0.241218434987844,0.02209193513449,10-30 cm,Warmed
by_treatment_depth,mean_oc,"Mean O/C
(formula-count mean)",4,46-90 d,19,70,0.658871132207092,0.341128867792908,0.018056451899736,10-30 cm,Warmed
by_treatment_depth,mean_oc,"Mean O/C
(formula-count mean)",4,91-180 d,31,140,0.497057604952998,0.502942395047002,0.030392575712548,10-30 cm,Warmed
by_treatment_depth,mean_oc,"Mean O/C
(formula-count mean)",4,181-365 d,59,267,0.917008263284255,0.082991736715745,0.020347816025505,10-30 cm,Warmed
by_treatment_depth,mean_oc,"Mean O/C
(formula-count mean)",4,>365 d,190,881,1.15844744660839,-0.158447446608385,0.0364345016074795,10-30 cm,Warmed
by_treatment_depth,mean_ai,"Aromaticity
(mean AI_mod)",5,00-45 d,28,27,0.415983998919945,0.584016001080055,0.0273821920138345,0-10 cm,Control
by_treatment_depth,mean_ai,"Aromaticity
(mean AI_mod)",5,46-90 d,23,70,0.880842439153795,0.119157560846205,0.040380343565458,0-10 cm,Control
by_treatment_depth,mean_ai,"Aromaticity
(mean AI_mod)",5,91-180 d,36,135,1.09714956854639,-0.0971495685463914,0.0490409533938235,0-10 cm,Control
by_treatment_depth,mean_ai,"Aromaticity
(mean AI_mod)",5,181-365 d,67,267,0.852080154930809,0.147919845069191,0.031707689233962,0-10 cm,Control
by_treatment_depth,mean_ai,"Aromaticity
(mean AI_mod)",5,>365 d,326,954,1.07824023644684,-0.0782402364468402,0.043654721806238,0-10 cm,Control
by_treatment_depth,mean_ai,"Aromaticity
(mean AI_mod)",5,00-45 d,27,27,0.414254996803624,0.585745003196377,0.032113894038897,0-10 cm,Warmed
by_treatment_depth,mean_ai,"Aromaticity
(mean AI_mod)",5,46-90 d,22,70.5,0.228072695926986,0.771927304073014,0.03245868350772,0-10 cm,Warmed
by_treatment_depth,mean_ai,"Aromaticity
(mean AI_mod)",5,91-180 d,36,135,0.274277990100788,0.725722009899212,0.0325487900806685,0-10 cm,Warmed
by_treatment_depth,mean_ai,"Aromaticity
(mean AI_mod)",5,181-365 d,66,267,0.449368519822826,0.550631480177175,0.0337137745575595,0-10 cm,Warmed
by_treatment_depth,mean_ai,"Aromaticity
(mean AI_mod)",5,>365 d,317,938,1.30052109092736,-0.300521090927361,0.094393886732058,0-10 cm,Warmed
by_treatment_depth,mean_ai,"Aromaticity
(mean AI_mod)",5,00-45 d,17,28,1.33974978707935,-0.339749787079353,0.042829701963899,10-30 cm,Control
by_treatment_depth,mean_ai,"Aromaticity
(mean AI_mod)",5,46-90 d,21,70,1.1806402513363,-0.180640251336296,0.031595208829689,10-30 cm,Control
by_treatment_depth,mean_ai,"Aromaticity
(mean AI_mod)",5,91-180 d,35,126,0.459497168670303,0.540502831329697,0.026883781287348,10-30 cm,Control
by_treatment_depth,mean_ai,"Aromaticity
(mean AI_mod)",5,181-365 d,62,266.5,0.733719946267014,0.266280053732986,0.033157480992028,10-30 cm,Control
by_treatment_depth,mean_ai,"Aromaticity
(mean AI_mod)",5,>365 d,237,925,1.10910451801508,-0.109104518015077,0.040048879062995,10-30 cm,Control
by_treatment_depth,mean_ai,"Aromaticity
(mean AI_mod)",5,00-45 d,13,27,0.76927133067224,0.23072866932776,0.03265208791579,10-30 cm,Warmed
by_treatment_depth,mean_ai,"Aromaticity
(mean AI_mod)",5,46-90 d,19,70,0.553345376362172,0.446654623637828,0.019556377476994,10-30 cm,Warmed
by_treatment_depth,mean_ai,"Aromaticity
(mean AI_mod)",5,91-180 d,31,140,0.518903211056882,0.481096788943118,0.030261037154087,10-30 cm,Warmed
by_treatment_depth,mean_ai,"Aromaticity
(mean AI_mod)",5,181-365 d,59,267,0.858127044813474,0.141872955186526,0.031941475961477,10-30 cm,Warmed
by_treatment_depth,mean_ai,"Aromaticity
(mean AI_mod)",5,>365 d,190,881,1.18300218612432,-0.183002186124323,0.055546675463561,10-30 cm,Warmed
by_treatment_depth,frac_lignin,"Lignin-like formulae
(%)",6,00-45 d,28,27,0.643271068967276,0.356728931032724,4.520890249724,0-10 cm,Control
by_treatment_depth,frac_lignin,"Lignin-like formulae
(%)",6,46-90 d,23,70,0.880397318923014,0.119602681076986,6.04962689921781,0-10 cm,Control
by_treatment_depth,frac_lignin,"Lignin-like formulae
(%)",6,91-180 d,36,135,1.13000170092703,-0.130001700927033,8.0743516447641,0-10 cm,Control
by_treatment_depth,frac_lignin,"Lignin-like formulae
(%)",6,181-365 d,67,267,0.924985125428451,0.075014874571549,5.3742553742554,0-10 cm,Control
by_treatment_depth,frac_lignin,"Lignin-like formulae
(%)",6,>365 d,326,954,1.04013867207548,-0.0401386720754833,6.4163525759415,0-10 cm,Control
by_treatment_depth,frac_lignin,"Lignin-like formulae
(%)",6,00-45 d,27,27,0.243683598482236,0.756316401517764,4.79966989773629,0-10 cm,Warmed
by_treatment_depth,frac_lignin,"Lignin-like formulae
(%)",6,46-90 d,22,70.5,0.246890507373333,0.753109492626667,4.8928454854057,0-10 cm,Warmed
by_treatment_depth,frac_lignin,"Lignin-like formulae
(%)",6,91-180 d,36,135,0.162433054483805,0.837566945516195,3.90335836620285,0-10 cm,Warmed
by_treatment_depth,frac_lignin,"Lignin-like formulae
(%)",6,181-365 d,66,267,0.306938655195759,0.693061344804241,4.77134583972115,0-10 cm,Warmed
by_treatment_depth,frac_lignin,"Lignin-like formulae
(%)",6,>365 d,317,938,1.35609908667012,-0.356099086670123,14.3881883012317,0-10 cm,Warmed
by_treatment_depth,frac_lignin,"Lignin-like formulae
(%)",6,00-45 d,17,28,0.445932301758504,0.554067698241496,4.0097666847531,10-30 cm,Control
by_treatment_depth,frac_lignin,"Lignin-like formulae
(%)",6,46-90 d,21,70,0.72605401593064,0.27394598406936,5.8035714285714,10-30 cm,Control
by_treatment_depth,frac_lignin,"Lignin-like formulae
(%)",6,91-180 d,35,126,0.512937921426358,0.487062078573642,2.9562223315298,10-30 cm,Control
by_treatment_depth,frac_lignin,"Lignin-like formulae
(%)",6,181-365 d,62,266.5,0.900348729852168,0.099651270147832,5.11251894294135,10-30 cm,Control
by_treatment_depth,frac_lignin,"Lignin-like formulae
(%)",6,>365 d,237,925,1.16201505499918,-0.162015054999177,7.3478835978836,10-30 cm,Control
by_treatment_depth,frac_lignin,"Lignin-like formulae
(%)",6,00-45 d,13,27,0.422237481142042,0.577762518857958,6.1348347470021,10-30 cm,Warmed
by_treatment_depth,frac_lignin,"Lignin-like formulae
(%)",6,46-90 d,19,70,0.499698783201767,0.500301216798233,2.723171124718,10-30 cm,Warmed
by_treatment_depth,frac_lignin,"Lignin-like formulae
(%)",6,91-180 d,31,140,0.456738748285548,0.543261251714452,6.1388570950002,10-30 cm,Warmed
by_treatment_depth,frac_lignin,"Lignin-like formulae
(%)",6,181-365 d,59,267,0.79762790273359,0.20237209726641,6.0714285714286,10-30 cm,Warmed
by_treatment_depth,frac_lignin,"Lignin-like formulae
(%)",6,>365 d,190,881,1.24104046529572,-0.241040465295717,8.786797000189,10-30 cm,Warmed
by_treatment_depth,frac_n_containing,"N-containing formulae
(%)",7,00-45 d,28,27,0.714638980460236,0.285361019539764,4.6327512520593,0-10 cm,Control
by_treatment_depth,frac_n_containing,"N-containing formulae
(%)",7,46-90 d,23,70,0.713115418925747,0.286884581074253,6.4204545454546,0-10 cm,Control
by_treatment_depth,frac_n_containing,"N-containing formulae
(%)",7,91-180 d,36,135,1.14230044386994,-0.142300443869944,7.99353431719034,0-10 cm,Control
by_treatment_depth,frac_n_containing,"N-containing formulae
(%)",7,181-365 d,67,267,1.20955449807608,-0.20955449807608,7.8678678678679,0-10 cm,Control
by_treatment_depth,frac_n_containing,"N-containing formulae
(%)",7,>365 d,326,954,0.985967750188361,0.0140322498116386,10.2482144954593,0-10 cm,Control
by_treatment_depth,frac_n_containing,"N-containing formulae
(%)",7,00-45 d,27,27,0.680536329940538,0.319463670059462,4.9468549929249,0-10 cm,Warmed
by_treatment_depth,frac_n_containing,"N-containing formulae
(%)",7,46-90 d,22,70.5,0.58375249299811,0.41624750700189,4.09913628918415,0-10 cm,Warmed
by_treatment_depth,frac_n_containing,"N-containing formulae
(%)",7,91-180 d,36,135,0.708243191309311,0.291756808690689,5.8769232696633,0-10 cm,Warmed
by_treatment_depth,frac_n_containing,"N-containing formulae
(%)",7,181-365 d,66,267,0.614423908441347,0.385576091558653,4.74175339902625,0-10 cm,Warmed
by_treatment_depth,frac_n_containing,"N-containing formulae
(%)",7,>365 d,317,938,1.16950861640815,-0.169508616408148,5.913801320896,0-10 cm,Warmed
by_treatment_depth,frac_n_containing,"N-containing formulae
(%)",7,00-45 d,17,28,0.446349289718421,0.553650710281579,6.9823139277819,10-30 cm,Control
by_treatment_depth,frac_n_containing,"N-containing formulae
(%)",7,46-90 d,21,70,0.722336817450335,0.277663182549665,8.5297787116685,10-30 cm,Control
by_treatment_depth,frac_n_containing,"N-containing formulae
(%)",7,91-180 d,35,126,0.952251815212025,0.0477481847879748,9.1106719367589,10-30 cm,Control
by_treatment_depth,frac_n_containing,"N-containing formulae
(%)",7,181-365 d,62,266.5,0.922734946553497,0.0772650534465027,11.717219734768,10-30 cm,Control
by_treatment_depth,frac_n_containing,"N-containing formulae
(%)",7,>365 d,237,925,1.09158062738225,-0.0915806273822455,13.9415648265206,10-30 cm,Control
by_treatment_depth,frac_n_containing,"N-containing formulae
(%)",7,00-45 d,13,27,1.23494782209495,-0.234947822094952,9.55586800099248,10-30 cm,Warmed
by_treatment_depth,frac_n_containing,"N-containing formulae
(%)",7,46-90 d,19,70,0.95163850949199,0.0483614905080102,9.75329890992538,10-30 cm,Warmed
by_treatment_depth,frac_n_containing,"N-containing formulae
(%)",7,91-180 d,31,140,0.837691853336317,0.162308146663683,7.31757061899972,10-30 cm,Warmed
by_treatment_depth,frac_n_containing,"N-containing formulae
(%)",7,181-365 d,59,267,0.750011178998117,0.249988821001883,6.1937222766115,10-30 cm,Warmed
by_treatment_depth,frac_n_containing,"N-containing formulae
(%)",7,>365 d,190,881,1.09287073483212,-0.0928707348321214,8.77433419451322,10-30 cm,Warmed
