output_column,role,analysis_group,source_column,source_file,source_grain,aggregation,description,datasource,measurement,unit,depth,source_summary_stat,source_summary_class,source_observation_count_full_daily_table,notes,output_index,output_type,output_nonmissing_rows,output_nonmissing_fraction,analysis_start,analysis_end,output_grain,join_key,missing_value
plot,key,key,,,,,TRACE plot identifier (1-6).,,,identifier,,,,,,1,integer,504,1,2017-05-01,2024-04-30,one row per TRACE plot and calendar month,plot + year_month,blank field in CSV
month_start,key,key,,,,,First day of the calendar month.,,,YYYY-MM-DD,,,,,,2,IDate/Date,504,1,2017-05-01,2024-04-30,one row per TRACE plot and calendar month,plot + year_month,blank field in CSV
year_month,key,key,,,,,Calendar month join key for FT-ICR sample dates.,,,YYYY-MM,,,,,,3,character,504,1,2017-05-01,2024-04-30,one row per TRACE plot and calendar month,plot + year_month,blank field in CSV
year,key,key,,,,,Calendar year.,,,year,,,,,,4,integer,504,1,2017-05-01,2024-04-30,one row per TRACE plot and calendar month,plot + year_month,blank field in CSV
month,key,key,,,,,Calendar month number (1-12).,,,month,,,,,,5,integer,504,1,2017-05-01,2024-04-30,one row per TRACE plot and calendar month,plot + year_month,blank field in CSV
treatment,key,key,,,,,Experimental treatment derived from plot number.,,,control/warmed,,,,,,6,character,504,1,2017-05-01,2024-04-30,one row per TRACE plot and calendar month,plot + year_month,blank field in CSV
season,key,key,season,joined_data_flux_final_2_daily.csv,daily,mode,Season assigned to the calendar month in the joined TRACE dataset.,season.assignment,season,category,,,none,21012,,7,character,504,1,2017-05-01,2024-04-30,one row per TRACE plot and calendar month,plot + year_month,blank field in CSV
temp_cs655_cen_0_10cm__monthly_mean,covariate,temperature,temp_cs655_cen_0_10cm,joined_data_flux_final_2_hourly.csv,hourly,mean,Calendar-month mean of hourly temp_cs655_cen_0_10cm within plot.,flux,temp_cs655_cen_0_10cm,degC,0-10cm,,none,21124,Central CS655 profile selected to provide one temperature or VWC series at each standard soil depth.,8,numeric,498,0.988095238095238,2017-05-01,2024-04-30,one row per TRACE plot and calendar month,plot + year_month,blank field in CSV
vwc_cs655_cen_0_10cm__monthly_mean,covariate,vwc,vwc_cs655_cen_0_10cm,joined_data_flux_final_2_hourly.csv,hourly,mean,Calendar-month mean of hourly vwc_cs655_cen_0_10cm within plot.,flux,vwc_cs655_cen_0_10cm,percent_volume,0-10cm,,none,19398,Central CS655 profile selected to provide one temperature or VWC series at each standard soil depth.,9,numeric,497,0.986111111111111,2017-05-01,2024-04-30,one row per TRACE plot and calendar month,plot + year_month,blank field in CSV
temp_cs655_cen_20_30cm__monthly_mean,covariate,temperature,temp_cs655_cen_20_30cm,joined_data_flux_final_2_hourly.csv,hourly,mean,Calendar-month mean of hourly temp_cs655_cen_20_30cm within plot.,flux,temp_cs655_cen_20_30cm,degC,20-30cm,,none,20580,Central CS655 profile selected to provide one temperature or VWC series at each standard soil depth.,10,numeric,504,1,2017-05-01,2024-04-30,one row per TRACE plot and calendar month,plot + year_month,blank field in CSV
vwc_cs655_cen_20_30cm__monthly_mean,covariate,vwc,vwc_cs655_cen_20_30cm,joined_data_flux_final_2_hourly.csv,hourly,mean,Calendar-month mean of hourly vwc_cs655_cen_20_30cm within plot.,flux,vwc_cs655_cen_20_30cm,percent_volume,20-30cm,,none,19416,Central CS655 profile selected to provide one temperature or VWC series at each standard soil depth.,11,numeric,504,1,2017-05-01,2024-04-30,one row per TRACE plot and calendar month,plot + year_month,blank field in CSV
temp_cs655_cen_40_50cm__monthly_mean,covariate,temperature,temp_cs655_cen_40_50cm,joined_data_flux_final_2_hourly.csv,hourly,mean,Calendar-month mean of hourly temp_cs655_cen_40_50cm within plot.,flux,temp_cs655_cen_40_50cm,degC,40-50cm,,none,19132,Central CS655 profile selected to provide one temperature or VWC series at each standard soil depth.,12,numeric,504,1,2017-05-01,2024-04-30,one row per TRACE plot and calendar month,plot + year_month,blank field in CSV
vwc_cs655_cen_40_50cm__monthly_mean,covariate,vwc,vwc_cs655_cen_40_50cm,joined_data_flux_final_2_hourly.csv,hourly,mean,Calendar-month mean of hourly vwc_cs655_cen_40_50cm within plot.,flux,vwc_cs655_cen_40_50cm,percent_volume,40-50cm,,none,17700,Central CS655 profile selected to provide one temperature or VWC series at each standard soil depth.,13,numeric,489,0.970238095238095,2017-05-01,2024-04-30,one row per TRACE plot and calendar month,plot + year_month,blank field in CSV
flux__monthly_mean,covariate,soil_co2_flux,flux,joined_data_flux_final_2_hourly.csv,hourly,mean,Calendar-month mean of hourly flux within plot.,flux,flux,umolCO2.m2.s,,,none,9204,Plot-level soil CO2 flux summarized from hourly observations; no interpolation or imputation.,14,numeric,358,0.71031746031746,2017-05-01,2024-04-30,one row per TRACE plot and calendar month,plot + year_month,blank field in CSV
nh4_ugN.mL_lysimiter.surface.chemistry__monthly_mean,covariate,porewater,nh4_ugN.mL_lysimiter.surface.chemistry,joined_data_flux_final_2_daily.csv,daily,mean,Calendar-month mean of non-missing daily nh4_ugN.mL_lysimiter.surface.chemistry values within plot.,lysimiter.surface.chemistry,nh4,ugN.mL,,,none,626,"Observed source values only; no temporal interpolation or imputation. If a plot had multiple observation dates in a month, their arithmetic mean is reported. Existing source-level means and SDs retain their original meaning.",15,numeric,304,0.603174603174603,2017-05-01,2024-04-30,one row per TRACE plot and calendar month,plot + year_month,blank field in CSV
nh4_ugN_lysimiter.surface.chemistry__monthly_mean,covariate,porewater,nh4_ugN_lysimiter.surface.chemistry,joined_data_flux_final_2_daily.csv,daily,mean,Calendar-month mean of non-missing daily nh4_ugN_lysimiter.surface.chemistry values within plot.,lysimiter.surface.chemistry,nh4,ugN,,,none,624,"Observed source values only; no temporal interpolation or imputation. If a plot had multiple observation dates in a month, their arithmetic mean is reported. Existing source-level means and SDs retain their original meaning.",16,numeric,304,0.603174603174603,2017-05-01,2024-04-30,one row per TRACE plot and calendar month,plot + year_month,blank field in CSV
no3_ugN.mL_lysimiter.surface.chemistry__monthly_mean,covariate,porewater,no3_ugN.mL_lysimiter.surface.chemistry,joined_data_flux_final_2_daily.csv,daily,mean,Calendar-month mean of non-missing daily no3_ugN.mL_lysimiter.surface.chemistry values within plot.,lysimiter.surface.chemistry,no3,ugN.mL,,,none,626,"Observed source values only; no temporal interpolation or imputation. If a plot had multiple observation dates in a month, their arithmetic mean is reported. Existing source-level means and SDs retain their original meaning.",17,numeric,304,0.603174603174603,2017-05-01,2024-04-30,one row per TRACE plot and calendar month,plot + year_month,blank field in CSV
no3_ugN_lysimiter.surface.chemistry__monthly_mean,covariate,porewater,no3_ugN_lysimiter.surface.chemistry,joined_data_flux_final_2_daily.csv,daily,mean,Calendar-month mean of non-missing daily no3_ugN_lysimiter.surface.chemistry values within plot.,lysimiter.surface.chemistry,no3,ugN,,,none,626,"Observed source values only; no temporal interpolation or imputation. If a plot had multiple observation dates in a month, their arithmetic mean is reported. Existing source-level means and SDs retain their original meaning.",18,numeric,304,0.603174603174603,2017-05-01,2024-04-30,one row per TRACE plot and calendar month,plot + year_month,blank field in CSV
npoc_mg.l_10cm_pwchemistry__monthly_mean,covariate,porewater,npoc_mg.l_10cm_pwchemistry,joined_data_flux_final_2_daily.csv,daily,mean,Calendar-month mean of non-missing daily npoc_mg.l_10cm_pwchemistry values within plot.,pwchemistry,npoc,mg.l,10cm,,none,653,"Observed source values only; no temporal interpolation or imputation. If a plot had multiple observation dates in a month, their arithmetic mean is reported. Existing source-level means and SDs retain their original meaning.",19,numeric,333,0.660714285714286,2017-05-01,2024-04-30,one row per TRACE plot and calendar month,plot + year_month,blank field in CSV
npoc_mg.l_30cm_pwchemistry__monthly_mean,covariate,porewater,npoc_mg.l_30cm_pwchemistry,joined_data_flux_final_2_daily.csv,daily,mean,Calendar-month mean of non-missing daily npoc_mg.l_30cm_pwchemistry values within plot.,pwchemistry,npoc,mg.l,30cm,,none,720,"Observed source values only; no temporal interpolation or imputation. If a plot had multiple observation dates in a month, their arithmetic mean is reported. Existing source-level means and SDs retain their original meaning.",20,numeric,366,0.726190476190476,2017-05-01,2024-04-30,one row per TRACE plot and calendar month,plot + year_month,blank field in CSV
npoc_mg.l_50cm_pwchemistry__monthly_mean,covariate,porewater,npoc_mg.l_50cm_pwchemistry,joined_data_flux_final_2_daily.csv,daily,mean,Calendar-month mean of non-missing daily npoc_mg.l_50cm_pwchemistry values within plot.,pwchemistry,npoc,mg.l,50cm,,none,581,"Observed source values only; no temporal interpolation or imputation. If a plot had multiple observation dates in a month, their arithmetic mean is reported. Existing source-level means and SDs retain their original meaning.",21,numeric,339,0.672619047619048,2017-05-01,2024-04-30,one row per TRACE plot and calendar month,plot + year_month,blank field in CSV
npoc_mg_10cm_pwchemistry__monthly_mean,covariate,porewater,npoc_mg_10cm_pwchemistry,joined_data_flux_final_2_daily.csv,daily,mean,Calendar-month mean of non-missing daily npoc_mg_10cm_pwchemistry values within plot.,pwchemistry,npoc,mg,10cm,,none,548,"Observed source values only; no temporal interpolation or imputation. If a plot had multiple observation dates in a month, their arithmetic mean is reported. Existing source-level means and SDs retain their original meaning.",22,numeric,333,0.660714285714286,2017-05-01,2024-04-30,one row per TRACE plot and calendar month,plot + year_month,blank field in CSV
npoc_mg_30cm_pwchemistry__monthly_mean,covariate,porewater,npoc_mg_30cm_pwchemistry,joined_data_flux_final_2_daily.csv,daily,mean,Calendar-month mean of non-missing daily npoc_mg_30cm_pwchemistry values within plot.,pwchemistry,npoc,mg,30cm,,none,607,"Observed source values only; no temporal interpolation or imputation. If a plot had multiple observation dates in a month, their arithmetic mean is reported. Existing source-level means and SDs retain their original meaning.",23,numeric,365,0.724206349206349,2017-05-01,2024-04-30,one row per TRACE plot and calendar month,plot + year_month,blank field in CSV
npoc_mg_50cm_pwchemistry__monthly_mean,covariate,porewater,npoc_mg_50cm_pwchemistry,joined_data_flux_final_2_daily.csv,daily,mean,Calendar-month mean of non-missing daily npoc_mg_50cm_pwchemistry values within plot.,pwchemistry,npoc,mg,50cm,,none,576,"Observed source values only; no temporal interpolation or imputation. If a plot had multiple observation dates in a month, their arithmetic mean is reported. Existing source-level means and SDs retain their original meaning.",24,numeric,337,0.668650793650794,2017-05-01,2024-04-30,one row per TRACE plot and calendar month,plot + year_month,blank field in CSV
npoc_ug.mL_lysimiter.surface.chemistry__monthly_mean,covariate,porewater,npoc_ug.mL_lysimiter.surface.chemistry,joined_data_flux_final_2_daily.csv,daily,mean,Calendar-month mean of non-missing daily npoc_ug.mL_lysimiter.surface.chemistry values within plot.,lysimiter.surface.chemistry,npoc,ug.mL,,,none,1014,"Observed source values only; no temporal interpolation or imputation. If a plot had multiple observation dates in a month, their arithmetic mean is reported. Existing source-level means and SDs retain their original meaning.",25,numeric,451,0.89484126984127,2017-05-01,2024-04-30,one row per TRACE plot and calendar month,plot + year_month,blank field in CSV
npoc_ug_lysimiter.surface.chemistry__monthly_mean,covariate,porewater,npoc_ug_lysimiter.surface.chemistry,joined_data_flux_final_2_daily.csv,daily,mean,Calendar-month mean of non-missing daily npoc_ug_lysimiter.surface.chemistry values within plot.,lysimiter.surface.chemistry,npoc,ug,,,none,1009,"Observed source values only; no temporal interpolation or imputation. If a plot had multiple observation dates in a month, their arithmetic mean is reported. Existing source-level means and SDs retain their original meaning.",26,numeric,451,0.89484126984127,2017-05-01,2024-04-30,one row per TRACE plot and calendar month,plot + year_month,blank field in CSV
po4_ugP.mL_lysimiter.surface.chemistry__monthly_mean,covariate,porewater,po4_ugP.mL_lysimiter.surface.chemistry,joined_data_flux_final_2_daily.csv,daily,mean,Calendar-month mean of non-missing daily po4_ugP.mL_lysimiter.surface.chemistry values within plot.,lysimiter.surface.chemistry,po4,ugP.mL,,,none,626,"Observed source values only; no temporal interpolation or imputation. If a plot had multiple observation dates in a month, their arithmetic mean is reported. Existing source-level means and SDs retain their original meaning.",27,numeric,304,0.603174603174603,2017-05-01,2024-04-30,one row per TRACE plot and calendar month,plot + year_month,blank field in CSV
po4_ugP_lysimiter.surface.chemistry__monthly_mean,covariate,porewater,po4_ugP_lysimiter.surface.chemistry,joined_data_flux_final_2_daily.csv,daily,mean,Calendar-month mean of non-missing daily po4_ugP_lysimiter.surface.chemistry values within plot.,lysimiter.surface.chemistry,po4,ugP,,,none,626,"Observed source values only; no temporal interpolation or imputation. If a plot had multiple observation dates in a month, their arithmetic mean is reported. Existing source-level means and SDs retain their original meaning.",28,numeric,304,0.603174603174603,2017-05-01,2024-04-30,one row per TRACE plot and calendar month,plot + year_month,blank field in CSV
tdn_mg.l_10cm_pwchemistry__monthly_mean,covariate,porewater,tdn_mg.l_10cm_pwchemistry,joined_data_flux_final_2_daily.csv,daily,mean,Calendar-month mean of non-missing daily tdn_mg.l_10cm_pwchemistry values within plot.,pwchemistry,tdn,mg.l,10cm,,none,653,"Observed source values only; no temporal interpolation or imputation. If a plot had multiple observation dates in a month, their arithmetic mean is reported. Existing source-level means and SDs retain their original meaning.",29,numeric,333,0.660714285714286,2017-05-01,2024-04-30,one row per TRACE plot and calendar month,plot + year_month,blank field in CSV
tdn_mg.l_30cm_pwchemistry__monthly_mean,covariate,porewater,tdn_mg.l_30cm_pwchemistry,joined_data_flux_final_2_daily.csv,daily,mean,Calendar-month mean of non-missing daily tdn_mg.l_30cm_pwchemistry values within plot.,pwchemistry,tdn,mg.l,30cm,,none,720,"Observed source values only; no temporal interpolation or imputation. If a plot had multiple observation dates in a month, their arithmetic mean is reported. Existing source-level means and SDs retain their original meaning.",30,numeric,366,0.726190476190476,2017-05-01,2024-04-30,one row per TRACE plot and calendar month,plot + year_month,blank field in CSV
tdn_mg.l_50cm_pwchemistry__monthly_mean,covariate,porewater,tdn_mg.l_50cm_pwchemistry,joined_data_flux_final_2_daily.csv,daily,mean,Calendar-month mean of non-missing daily tdn_mg.l_50cm_pwchemistry values within plot.,pwchemistry,tdn,mg.l,50cm,,none,581,"Observed source values only; no temporal interpolation or imputation. If a plot had multiple observation dates in a month, their arithmetic mean is reported. Existing source-level means and SDs retain their original meaning.",31,numeric,339,0.672619047619048,2017-05-01,2024-04-30,one row per TRACE plot and calendar month,plot + year_month,blank field in CSV
tdn_mg_10cm_pwchemistry__monthly_mean,covariate,porewater,tdn_mg_10cm_pwchemistry,joined_data_flux_final_2_daily.csv,daily,mean,Calendar-month mean of non-missing daily tdn_mg_10cm_pwchemistry values within plot.,pwchemistry,tdn,mg,10cm,,none,548,"Observed source values only; no temporal interpolation or imputation. If a plot had multiple observation dates in a month, their arithmetic mean is reported. Existing source-level means and SDs retain their original meaning.",32,numeric,333,0.660714285714286,2017-05-01,2024-04-30,one row per TRACE plot and calendar month,plot + year_month,blank field in CSV
tdn_mg_30cm_pwchemistry__monthly_mean,covariate,porewater,tdn_mg_30cm_pwchemistry,joined_data_flux_final_2_daily.csv,daily,mean,Calendar-month mean of non-missing daily tdn_mg_30cm_pwchemistry values within plot.,pwchemistry,tdn,mg,30cm,,none,607,"Observed source values only; no temporal interpolation or imputation. If a plot had multiple observation dates in a month, their arithmetic mean is reported. Existing source-level means and SDs retain their original meaning.",33,numeric,365,0.724206349206349,2017-05-01,2024-04-30,one row per TRACE plot and calendar month,plot + year_month,blank field in CSV
tdn_mg_50cm_pwchemistry__monthly_mean,covariate,porewater,tdn_mg_50cm_pwchemistry,joined_data_flux_final_2_daily.csv,daily,mean,Calendar-month mean of non-missing daily tdn_mg_50cm_pwchemistry values within plot.,pwchemistry,tdn,mg,50cm,,none,576,"Observed source values only; no temporal interpolation or imputation. If a plot had multiple observation dates in a month, their arithmetic mean is reported. Existing source-level means and SDs retain their original meaning.",34,numeric,337,0.668650793650794,2017-05-01,2024-04-30,one row per TRACE plot and calendar month,plot + year_month,blank field in CSV
tn_ug.mL_lysimiter.surface.chemistry__monthly_mean,covariate,porewater,tn_ug.mL_lysimiter.surface.chemistry,joined_data_flux_final_2_daily.csv,daily,mean,Calendar-month mean of non-missing daily tn_ug.mL_lysimiter.surface.chemistry values within plot.,lysimiter.surface.chemistry,tn,ug.mL,,,none,1014,"Observed source values only; no temporal interpolation or imputation. If a plot had multiple observation dates in a month, their arithmetic mean is reported. Existing source-level means and SDs retain their original meaning.",35,numeric,451,0.89484126984127,2017-05-01,2024-04-30,one row per TRACE plot and calendar month,plot + year_month,blank field in CSV
tn_ug_lysimiter.surface.chemistry__monthly_mean,covariate,porewater,tn_ug_lysimiter.surface.chemistry,joined_data_flux_final_2_daily.csv,daily,mean,Calendar-month mean of non-missing daily tn_ug_lysimiter.surface.chemistry values within plot.,lysimiter.surface.chemistry,tn,ug,,,none,1008,"Observed source values only; no temporal interpolation or imputation. If a plot had multiple observation dates in a month, their arithmetic mean is reported. Existing source-level means and SDs retain their original meaning.",36,numeric,450,0.892857142857143,2017-05-01,2024-04-30,one row per TRACE plot and calendar month,plot + year_month,blank field in CSV
core.root.mass_g_rootsoilcores__monthly_mean,covariate,core,core.root.mass_g_rootsoilcores,joined_data_flux_final_2_daily.csv,daily,mean,Calendar-month mean of non-missing daily core.root.mass_g_rootsoilcores values within plot.,rootsoilcores,core.root.mass,g,,,none,44,"Observed source values only; no temporal interpolation or imputation. If a plot had multiple observation dates in a month, their arithmetic mean is reported. Existing source-level means and SDs retain their original meaning.",37,numeric,17,0.0337301587301587,2017-05-01,2024-04-30,one row per TRACE plot and calendar month,plot + year_month,blank field in CSV
ext.c_ug.g.soil_SD_nutrient.cores__monthly_mean,covariate,core,ext.c_ug.g.soil_SD_nutrient.cores,joined_data_flux_final_2_daily.csv,daily,mean,Calendar-month mean of non-missing daily ext.c_ug.g.soil_SD_nutrient.cores values within plot.,nutrient.cores,ext.c,ug.g.soil,,SD,spread,96,"Observed source values only; no temporal interpolation or imputation. If a plot had multiple observation dates in a month, their arithmetic mean is reported. Existing source-level means and SDs retain their original meaning.",38,numeric,78,0.154761904761905,2017-05-01,2024-04-30,one row per TRACE plot and calendar month,plot + year_month,blank field in CSV
ext.c_ug.g.soil_mean_nutrient.cores__monthly_mean,covariate,core,ext.c_ug.g.soil_mean_nutrient.cores,joined_data_flux_final_2_daily.csv,daily,mean,Calendar-month mean of non-missing daily ext.c_ug.g.soil_mean_nutrient.cores values within plot.,nutrient.cores,ext.c,ug.g.soil,,mean,mean,120,"Observed source values only; no temporal interpolation or imputation. If a plot had multiple observation dates in a month, their arithmetic mean is reported. Existing source-level means and SDs retain their original meaning.",39,numeric,84,0.166666666666667,2017-05-01,2024-04-30,one row per TRACE plot and calendar month,plot + year_month,blank field in CSV
ext.n_ug.g.soil_SD_nutrient.cores__monthly_mean,covariate,core,ext.n_ug.g.soil_SD_nutrient.cores,joined_data_flux_final_2_daily.csv,daily,mean,Calendar-month mean of non-missing daily ext.n_ug.g.soil_SD_nutrient.cores values within plot.,nutrient.cores,ext.n,ug.g.soil,,SD,spread,96,"Observed source values only; no temporal interpolation or imputation. If a plot had multiple observation dates in a month, their arithmetic mean is reported. Existing source-level means and SDs retain their original meaning.",40,numeric,78,0.154761904761905,2017-05-01,2024-04-30,one row per TRACE plot and calendar month,plot + year_month,blank field in CSV
ext.n_ug.g.soil_mean_nutrient.cores__monthly_mean,covariate,core,ext.n_ug.g.soil_mean_nutrient.cores,joined_data_flux_final_2_daily.csv,daily,mean,Calendar-month mean of non-missing daily ext.n_ug.g.soil_mean_nutrient.cores values within plot.,nutrient.cores,ext.n,ug.g.soil,,mean,mean,120,"Observed source values only; no temporal interpolation or imputation. If a plot had multiple observation dates in a month, their arithmetic mean is reported. Existing source-level means and SDs retain their original meaning.",41,numeric,84,0.166666666666667,2017-05-01,2024-04-30,one row per TRACE plot and calendar month,plot + year_month,blank field in CSV
live.root.mass_g_rootsoilcores__monthly_mean,covariate,core,live.root.mass_g_rootsoilcores,joined_data_flux_final_2_daily.csv,daily,mean,Calendar-month mean of non-missing daily live.root.mass_g_rootsoilcores values within plot.,rootsoilcores,live.root.mass,g,,,none,44,"Observed source values only; no temporal interpolation or imputation. If a plot had multiple observation dates in a month, their arithmetic mean is reported. Existing source-level means and SDs retain their original meaning.",42,numeric,17,0.0337301587301587,2017-05-01,2024-04-30,one row per TRACE plot and calendar month,plot + year_month,blank field in CSV
nh4.min_ug.g.soil.day_SD_nutrient.cores__monthly_mean,covariate,core,nh4.min_ug.g.soil.day_SD_nutrient.cores,joined_data_flux_final_2_daily.csv,daily,mean,Calendar-month mean of non-missing daily nh4.min_ug.g.soil.day_SD_nutrient.cores values within plot.,nutrient.cores,nh4.min,ug.g.soil.day,,SD,spread,84,"Observed source values only; no temporal interpolation or imputation. If a plot had multiple observation dates in a month, their arithmetic mean is reported. Existing source-level means and SDs retain their original meaning.",43,numeric,72,0.142857142857143,2017-05-01,2024-04-30,one row per TRACE plot and calendar month,plot + year_month,blank field in CSV
nh4.min_ug.g.soil.day_mean_nutrient.cores__monthly_mean,covariate,core,nh4.min_ug.g.soil.day_mean_nutrient.cores,joined_data_flux_final_2_daily.csv,daily,mean,Calendar-month mean of non-missing daily nh4.min_ug.g.soil.day_mean_nutrient.cores values within plot.,nutrient.cores,nh4.min,ug.g.soil.day,,mean,mean,102,"Observed source values only; no temporal interpolation or imputation. If a plot had multiple observation dates in a month, their arithmetic mean is reported. Existing source-level means and SDs retain their original meaning.",44,numeric,72,0.142857142857143,2017-05-01,2024-04-30,one row per TRACE plot and calendar month,plot + year_month,blank field in CSV
nh4_ug.g.soil_SD_nutrient.cores__monthly_mean,covariate,core,nh4_ug.g.soil_SD_nutrient.cores,joined_data_flux_final_2_daily.csv,daily,mean,Calendar-month mean of non-missing daily nh4_ug.g.soil_SD_nutrient.cores values within plot.,nutrient.cores,nh4,ug.g.soil,,SD,spread,90,"Observed source values only; no temporal interpolation or imputation. If a plot had multiple observation dates in a month, their arithmetic mean is reported. Existing source-level means and SDs retain their original meaning.",45,numeric,78,0.154761904761905,2017-05-01,2024-04-30,one row per TRACE plot and calendar month,plot + year_month,blank field in CSV
nh4_ug.g.soil_mean_nutrient.cores__monthly_mean,covariate,core,nh4_ug.g.soil_mean_nutrient.cores,joined_data_flux_final_2_daily.csv,daily,mean,Calendar-month mean of non-missing daily nh4_ug.g.soil_mean_nutrient.cores values within plot.,nutrient.cores,nh4,ug.g.soil,,mean,mean,108,"Observed source values only; no temporal interpolation or imputation. If a plot had multiple observation dates in a month, their arithmetic mean is reported. Existing source-level means and SDs retain their original meaning.",46,numeric,78,0.154761904761905,2017-05-01,2024-04-30,one row per TRACE plot and calendar month,plot + year_month,blank field in CSV
no3.min_ug.g.soil.day_SD_nutrient.cores__monthly_mean,covariate,core,no3.min_ug.g.soil.day_SD_nutrient.cores,joined_data_flux_final_2_daily.csv,daily,mean,Calendar-month mean of non-missing daily no3.min_ug.g.soil.day_SD_nutrient.cores values within plot.,nutrient.cores,no3.min,ug.g.soil.day,,SD,spread,84,"Observed source values only; no temporal interpolation or imputation. If a plot had multiple observation dates in a month, their arithmetic mean is reported. Existing source-level means and SDs retain their original meaning.",47,numeric,72,0.142857142857143,2017-05-01,2024-04-30,one row per TRACE plot and calendar month,plot + year_month,blank field in CSV
no3.min_ug.g.soil.day_mean_nutrient.cores__monthly_mean,covariate,core,no3.min_ug.g.soil.day_mean_nutrient.cores,joined_data_flux_final_2_daily.csv,daily,mean,Calendar-month mean of non-missing daily no3.min_ug.g.soil.day_mean_nutrient.cores values within plot.,nutrient.cores,no3.min,ug.g.soil.day,,mean,mean,102,"Observed source values only; no temporal interpolation or imputation. If a plot had multiple observation dates in a month, their arithmetic mean is reported. Existing source-level means and SDs retain their original meaning.",48,numeric,72,0.142857142857143,2017-05-01,2024-04-30,one row per TRACE plot and calendar month,plot + year_month,blank field in CSV
no3_ug.g.soil_SD_nutrient.cores__monthly_mean,covariate,core,no3_ug.g.soil_SD_nutrient.cores,joined_data_flux_final_2_daily.csv,daily,mean,Calendar-month mean of non-missing daily no3_ug.g.soil_SD_nutrient.cores values within plot.,nutrient.cores,no3,ug.g.soil,,SD,spread,90,"Observed source values only; no temporal interpolation or imputation. If a plot had multiple observation dates in a month, their arithmetic mean is reported. Existing source-level means and SDs retain their original meaning.",49,numeric,78,0.154761904761905,2017-05-01,2024-04-30,one row per TRACE plot and calendar month,plot + year_month,blank field in CSV
no3_ug.g.soil_mean_nutrient.cores__monthly_mean,covariate,core,no3_ug.g.soil_mean_nutrient.cores,joined_data_flux_final_2_daily.csv,daily,mean,Calendar-month mean of non-missing daily no3_ug.g.soil_mean_nutrient.cores values within plot.,nutrient.cores,no3,ug.g.soil,,mean,mean,108,"Observed source values only; no temporal interpolation or imputation. If a plot had multiple observation dates in a month, their arithmetic mean is reported. Existing source-level means and SDs retain their original meaning.",50,numeric,78,0.154761904761905,2017-05-01,2024-04-30,one row per TRACE plot and calendar month,plot + year_month,blank field in CSV
po4_ug.g.soil_SD_nutrient.cores__monthly_mean,covariate,core,po4_ug.g.soil_SD_nutrient.cores,joined_data_flux_final_2_daily.csv,daily,mean,Calendar-month mean of non-missing daily po4_ug.g.soil_SD_nutrient.cores values within plot.,nutrient.cores,po4,ug.g.soil,,SD,spread,96,"Observed source values only; no temporal interpolation or imputation. If a plot had multiple observation dates in a month, their arithmetic mean is reported. Existing source-level means and SDs retain their original meaning.",51,numeric,78,0.154761904761905,2017-05-01,2024-04-30,one row per TRACE plot and calendar month,plot + year_month,blank field in CSV
po4_ug.g.soil_mean_nutrient.cores__monthly_mean,covariate,core,po4_ug.g.soil_mean_nutrient.cores,joined_data_flux_final_2_daily.csv,daily,mean,Calendar-month mean of non-missing daily po4_ug.g.soil_mean_nutrient.cores values within plot.,nutrient.cores,po4,ug.g.soil,,mean,mean,114,"Observed source values only; no temporal interpolation or imputation. If a plot had multiple observation dates in a month, their arithmetic mean is reported. Existing source-level means and SDs retain their original meaning.",52,numeric,78,0.154761904761905,2017-05-01,2024-04-30,one row per TRACE plot and calendar month,plot + year_month,blank field in CSV
root.C_count_rootsoilcores__monthly_mean,covariate,core,root.C_count_rootsoilcores,joined_data_flux_final_2_daily.csv,daily,mean,Calendar-month mean of non-missing daily root.C_count_rootsoilcores values within plot.,rootsoilcores,root.C,count,,,none,44,"Observed source values only; no temporal interpolation or imputation. If a plot had multiple observation dates in a month, their arithmetic mean is reported. Existing source-level means and SDs retain their original meaning.",53,numeric,17,0.0337301587301587,2017-05-01,2024-04-30,one row per TRACE plot and calendar month,plot + year_month,blank field in CSV
root.C_percent_rootsoilcores__monthly_mean,covariate,core,root.C_percent_rootsoilcores,joined_data_flux_final_2_daily.csv,daily,mean,Calendar-month mean of non-missing daily root.C_percent_rootsoilcores values within plot.,rootsoilcores,root.C,percent,,,none,44,"Observed source values only; no temporal interpolation or imputation. If a plot had multiple observation dates in a month, their arithmetic mean is reported. Existing source-level means and SDs retain their original meaning.",54,numeric,17,0.0337301587301587,2017-05-01,2024-04-30,one row per TRACE plot and calendar month,plot + year_month,blank field in CSV
root.N_percent_rootsoilcores__monthly_mean,covariate,core,root.N_percent_rootsoilcores,joined_data_flux_final_2_daily.csv,daily,mean,Calendar-month mean of non-missing daily root.N_percent_rootsoilcores values within plot.,rootsoilcores,root.N,percent,,,none,44,"Observed source values only; no temporal interpolation or imputation. If a plot had multiple observation dates in a month, their arithmetic mean is reported. Existing source-level means and SDs retain their original meaning.",55,numeric,17,0.0337301587301587,2017-05-01,2024-04-30,one row per TRACE plot and calendar month,plot + year_month,blank field in CSV
root.mass.per.area_g.m2_rootsoilcores__monthly_mean,covariate,core,root.mass.per.area_g.m2_rootsoilcores,joined_data_flux_final_2_daily.csv,daily,mean,Calendar-month mean of non-missing daily root.mass.per.area_g.m2_rootsoilcores values within plot.,rootsoilcores,root.mass.per.area,g.m2,,,none,44,"Observed source values only; no temporal interpolation or imputation. If a plot had multiple observation dates in a month, their arithmetic mean is reported. Existing source-level means and SDs retain their original meaning.",56,numeric,17,0.0337301587301587,2017-05-01,2024-04-30,one row per TRACE plot and calendar month,plot + year_month,blank field in CSV
rtd_g_cm3_rootsoilcores__monthly_mean,covariate,core,rtd_g_cm3_rootsoilcores,joined_data_flux_final_2_daily.csv,daily,mean,Calendar-month mean of non-missing daily rtd_g_cm3_rootsoilcores values within plot.,rootsoilcores,rtd,g.cm3,,,none,42,"Observed source values only; no temporal interpolation or imputation. If a plot had multiple observation dates in a month, their arithmetic mean is reported. Existing source-level means and SDs retain their original meaning.",57,numeric,17,0.0337301587301587,2017-05-01,2024-04-30,one row per TRACE plot and calendar month,plot + year_month,blank field in CSV
srl_cm.g_rootsoilcores__monthly_mean,covariate,core,srl_cm.g_rootsoilcores,joined_data_flux_final_2_daily.csv,daily,mean,Calendar-month mean of non-missing daily srl_cm.g_rootsoilcores values within plot.,rootsoilcores,srl,cm.g,,,none,42,"Observed source values only; no temporal interpolation or imputation. If a plot had multiple observation dates in a month, their arithmetic mean is reported. Existing source-level means and SDs retain their original meaning.",58,numeric,17,0.0337301587301587,2017-05-01,2024-04-30,one row per TRACE plot and calendar month,plot + year_month,blank field in CSV
surface.area_cm2_rootsoilcores__monthly_mean,covariate,core,surface.area_cm2_rootsoilcores,joined_data_flux_final_2_daily.csv,daily,mean,Calendar-month mean of non-missing daily surface.area_cm2_rootsoilcores values within plot.,rootsoilcores,surface.area,cm2,,,none,42,"Observed source values only; no temporal interpolation or imputation. If a plot had multiple observation dates in a month, their arithmetic mean is reported. Existing source-level means and SDs retain their original meaning.",59,numeric,17,0.0337301587301587,2017-05-01,2024-04-30,one row per TRACE plot and calendar month,plot + year_month,blank field in CSV
tc.tn_ratio_SD_nutrient.cores__monthly_mean,covariate,core,tc.tn_ratio_SD_nutrient.cores,joined_data_flux_final_2_daily.csv,daily,mean,Calendar-month mean of non-missing daily tc.tn_ratio_SD_nutrient.cores values within plot.,nutrient.cores,tc.tn,ratio,,SD,spread,96,"Observed source values only; no temporal interpolation or imputation. If a plot had multiple observation dates in a month, their arithmetic mean is reported. Existing source-level means and SDs retain their original meaning.",60,numeric,78,0.154761904761905,2017-05-01,2024-04-30,one row per TRACE plot and calendar month,plot + year_month,blank field in CSV
tc.tn_ratio_mean_nutrient.cores__monthly_mean,covariate,core,tc.tn_ratio_mean_nutrient.cores,joined_data_flux_final_2_daily.csv,daily,mean,Calendar-month mean of non-missing daily tc.tn_ratio_mean_nutrient.cores values within plot.,nutrient.cores,tc.tn,ratio,,mean,mean,120,"Observed source values only; no temporal interpolation or imputation. If a plot had multiple observation dates in a month, their arithmetic mean is reported. Existing source-level means and SDs retain their original meaning.",61,numeric,84,0.166666666666667,2017-05-01,2024-04-30,one row per TRACE plot and calendar month,plot + year_month,blank field in CSV
tc_g.g.soil_SD_nutrient.cores__monthly_mean,covariate,core,tc_g.g.soil_SD_nutrient.cores,joined_data_flux_final_2_daily.csv,daily,mean,Calendar-month mean of non-missing daily tc_g.g.soil_SD_nutrient.cores values within plot.,nutrient.cores,tc,g.g.soil,,SD,spread,96,"Observed source values only; no temporal interpolation or imputation. If a plot had multiple observation dates in a month, their arithmetic mean is reported. Existing source-level means and SDs retain their original meaning.",62,numeric,78,0.154761904761905,2017-05-01,2024-04-30,one row per TRACE plot and calendar month,plot + year_month,blank field in CSV
tc_g.g.soil_mean_nutrient.cores__monthly_mean,covariate,core,tc_g.g.soil_mean_nutrient.cores,joined_data_flux_final_2_daily.csv,daily,mean,Calendar-month mean of non-missing daily tc_g.g.soil_mean_nutrient.cores values within plot.,nutrient.cores,tc,g.g.soil,,mean,mean,120,"Observed source values only; no temporal interpolation or imputation. If a plot had multiple observation dates in a month, their arithmetic mean is reported. Existing source-level means and SDs retain their original meaning.",63,numeric,84,0.166666666666667,2017-05-01,2024-04-30,one row per TRACE plot and calendar month,plot + year_month,blank field in CSV
tips_count_rootsoilcores__monthly_mean,covariate,core,tips_count_rootsoilcores,joined_data_flux_final_2_daily.csv,daily,mean,Calendar-month mean of non-missing daily tips_count_rootsoilcores values within plot.,rootsoilcores,tips,count,,,none,42,"Observed source values only; no temporal interpolation or imputation. If a plot had multiple observation dates in a month, their arithmetic mean is reported. Existing source-level means and SDs retain their original meaning.",64,numeric,17,0.0337301587301587,2017-05-01,2024-04-30,one row per TRACE plot and calendar month,plot + year_month,blank field in CSV
tn_g.g.soil_SD_nutrient.cores__monthly_mean,covariate,core,tn_g.g.soil_SD_nutrient.cores,joined_data_flux_final_2_daily.csv,daily,mean,Calendar-month mean of non-missing daily tn_g.g.soil_SD_nutrient.cores values within plot.,nutrient.cores,tn,g.g.soil,,SD,spread,96,"Observed source values only; no temporal interpolation or imputation. If a plot had multiple observation dates in a month, their arithmetic mean is reported. Existing source-level means and SDs retain their original meaning.",65,numeric,78,0.154761904761905,2017-05-01,2024-04-30,one row per TRACE plot and calendar month,plot + year_month,blank field in CSV
tn_g.g.soil_mean_nutrient.cores__monthly_mean,covariate,core,tn_g.g.soil_mean_nutrient.cores,joined_data_flux_final_2_daily.csv,daily,mean,Calendar-month mean of non-missing daily tn_g.g.soil_mean_nutrient.cores values within plot.,nutrient.cores,tn,g.g.soil,,mean,mean,120,"Observed source values only; no temporal interpolation or imputation. If a plot had multiple observation dates in a month, their arithmetic mean is reported. Existing source-level means and SDs retain their original meaning.",66,numeric,84,0.166666666666667,2017-05-01,2024-04-30,one row per TRACE plot and calendar month,plot + year_month,blank field in CSV
total.dead.mass_g_rootsoilcores__monthly_mean,covariate,core,total.dead.mass_g_rootsoilcores,joined_data_flux_final_2_daily.csv,daily,mean,Calendar-month mean of non-missing daily total.dead.mass_g_rootsoilcores values within plot.,rootsoilcores,total.dead.mass,g,,,none,44,"Observed source values only; no temporal interpolation or imputation. If a plot had multiple observation dates in a month, their arithmetic mean is reported. Existing source-level means and SDs retain their original meaning.",67,numeric,17,0.0337301587301587,2017-05-01,2024-04-30,one row per TRACE plot and calendar month,plot + year_month,blank field in CSV
ubial.c.n_ratio_SD_nutrient.cores__monthly_mean,covariate,microbial_biomass,ubial.c.n_ratio_SD_nutrient.cores,joined_data_flux_final_2_daily.csv,daily,mean,Calendar-month mean of non-missing daily ubial.c.n_ratio_SD_nutrient.cores values within plot.,nutrient.cores,ubial.c.n,ratio,,SD,spread,92,"Observed source values only; no temporal interpolation or imputation. If a plot had multiple observation dates in a month, their arithmetic mean is reported. Existing source-level means and SDs retain their original meaning.",68,numeric,78,0.154761904761905,2017-05-01,2024-04-30,one row per TRACE plot and calendar month,plot + year_month,blank field in CSV
ubial.c.n_ratio_mean_nutrient.cores__monthly_mean,covariate,microbial_biomass,ubial.c.n_ratio_mean_nutrient.cores,joined_data_flux_final_2_daily.csv,daily,mean,Calendar-month mean of non-missing daily ubial.c.n_ratio_mean_nutrient.cores values within plot.,nutrient.cores,ubial.c.n,ratio,,mean,mean,120,"Observed source values only; no temporal interpolation or imputation. If a plot had multiple observation dates in a month, their arithmetic mean is reported. Existing source-level means and SDs retain their original meaning.",69,numeric,84,0.166666666666667,2017-05-01,2024-04-30,one row per TRACE plot and calendar month,plot + year_month,blank field in CSV
ubial.c_ug.g.soil_SD_nutrient.cores__monthly_mean,covariate,microbial_biomass,ubial.c_ug.g.soil_SD_nutrient.cores,joined_data_flux_final_2_daily.csv,daily,mean,Calendar-month mean of non-missing daily ubial.c_ug.g.soil_SD_nutrient.cores values within plot.,nutrient.cores,ubial.c,ug.g.soil,,SD,spread,96,"Observed source values only; no temporal interpolation or imputation. If a plot had multiple observation dates in a month, their arithmetic mean is reported. Existing source-level means and SDs retain their original meaning.",70,numeric,78,0.154761904761905,2017-05-01,2024-04-30,one row per TRACE plot and calendar month,plot + year_month,blank field in CSV
ubial.c_ug.g.soil_mean_nutrient.cores__monthly_mean,covariate,microbial_biomass,ubial.c_ug.g.soil_mean_nutrient.cores,joined_data_flux_final_2_daily.csv,daily,mean,Calendar-month mean of non-missing daily ubial.c_ug.g.soil_mean_nutrient.cores values within plot.,nutrient.cores,ubial.c,ug.g.soil,,mean,mean,120,"Observed source values only; no temporal interpolation or imputation. If a plot had multiple observation dates in a month, their arithmetic mean is reported. Existing source-level means and SDs retain their original meaning.",71,numeric,84,0.166666666666667,2017-05-01,2024-04-30,one row per TRACE plot and calendar month,plot + year_month,blank field in CSV
ubial.n_ug.g.soil_SD_nutrient.cores__monthly_mean,covariate,microbial_biomass,ubial.n_ug.g.soil_SD_nutrient.cores,joined_data_flux_final_2_daily.csv,daily,mean,Calendar-month mean of non-missing daily ubial.n_ug.g.soil_SD_nutrient.cores values within plot.,nutrient.cores,ubial.n,ug.g.soil,,SD,spread,96,"Observed source values only; no temporal interpolation or imputation. If a plot had multiple observation dates in a month, their arithmetic mean is reported. Existing source-level means and SDs retain their original meaning.",72,numeric,78,0.154761904761905,2017-05-01,2024-04-30,one row per TRACE plot and calendar month,plot + year_month,blank field in CSV
ubial.n_ug.g.soil_mean_nutrient.cores__monthly_mean,covariate,microbial_biomass,ubial.n_ug.g.soil_mean_nutrient.cores,joined_data_flux_final_2_daily.csv,daily,mean,Calendar-month mean of non-missing daily ubial.n_ug.g.soil_mean_nutrient.cores values within plot.,nutrient.cores,ubial.n,ug.g.soil,,mean,mean,120,"Observed source values only; no temporal interpolation or imputation. If a plot had multiple observation dates in a month, their arithmetic mean is reported. Existing source-level means and SDs retain their original meaning.",73,numeric,84,0.166666666666667,2017-05-01,2024-04-30,one row per TRACE plot and calendar month,plot + year_month,blank field in CSV
ubial.p_ug.g.soil_SD_nutrient.cores__monthly_mean,covariate,microbial_biomass,ubial.p_ug.g.soil_SD_nutrient.cores,joined_data_flux_final_2_daily.csv,daily,mean,Calendar-month mean of non-missing daily ubial.p_ug.g.soil_SD_nutrient.cores values within plot.,nutrient.cores,ubial.p,ug.g.soil,,SD,spread,96,"Observed source values only; no temporal interpolation or imputation. If a plot had multiple observation dates in a month, their arithmetic mean is reported. Existing source-level means and SDs retain their original meaning.",74,numeric,78,0.154761904761905,2017-05-01,2024-04-30,one row per TRACE plot and calendar month,plot + year_month,blank field in CSV
ubial.p_ug.g.soil_mean_nutrient.cores__monthly_mean,covariate,microbial_biomass,ubial.p_ug.g.soil_mean_nutrient.cores,joined_data_flux_final_2_daily.csv,daily,mean,Calendar-month mean of non-missing daily ubial.p_ug.g.soil_mean_nutrient.cores values within plot.,nutrient.cores,ubial.p,ug.g.soil,,mean,mean,114,"Observed source values only; no temporal interpolation or imputation. If a plot had multiple observation dates in a month, their arithmetic mean is reported. Existing source-level means and SDs retain their original meaning.",75,numeric,78,0.154761904761905,2017-05-01,2024-04-30,one row per TRACE plot and calendar month,plot + year_month,blank field in CSV
rootstock_g.m2_0-10_minirhizotron__monthly_mean,covariate,minirhizotron_0_30cm,rootstock_g.m2_0-10_minirhizotron,joined_data_flux_final_2_daily.csv,daily,mean,Calendar-month mean of non-missing daily rootstock_g.m2_0-10_minirhizotron values within plot.,minirhizotron,rootstock,g.m2,0-10cm,,none,300,"Observed source values only; no temporal interpolation or imputation. If a plot had multiple observation dates in a month, their arithmetic mean is reported. Existing source-level means and SDs retain their original meaning.",76,numeric,144,0.285714285714286,2017-05-01,2024-04-30,one row per TRACE plot and calendar month,plot + year_month,blank field in CSV
rootstock_g.m2_10-20_minirhizotron__monthly_mean,covariate,minirhizotron_0_30cm,rootstock_g.m2_10-20_minirhizotron,joined_data_flux_final_2_daily.csv,daily,mean,Calendar-month mean of non-missing daily rootstock_g.m2_10-20_minirhizotron values within plot.,minirhizotron,rootstock,g.m2,10-20cm,,none,300,"Observed source values only; no temporal interpolation or imputation. If a plot had multiple observation dates in a month, their arithmetic mean is reported. Existing source-level means and SDs retain their original meaning.",77,numeric,144,0.285714285714286,2017-05-01,2024-04-30,one row per TRACE plot and calendar month,plot + year_month,blank field in CSV
rootstock_g.m2_20-30_minirhizotron__monthly_mean,covariate,minirhizotron_0_30cm,rootstock_g.m2_20-30_minirhizotron,joined_data_flux_final_2_daily.csv,daily,mean,Calendar-month mean of non-missing daily rootstock_g.m2_20-30_minirhizotron values within plot.,minirhizotron,rootstock,g.m2,20-30cm,,none,192,"Observed source values only; no temporal interpolation or imputation. If a plot had multiple observation dates in a month, their arithmetic mean is reported. Existing source-level means and SDs retain their original meaning.",78,numeric,84,0.166666666666667,2017-05-01,2024-04-30,one row per TRACE plot and calendar month,plot + year_month,blank field in CSV
rootgrowth_g.m2.day_0-10_minirhizotron__monthly_mean,covariate,minirhizotron_0_30cm,rootgrowth_g.m2.day_0-10_minirhizotron,joined_data_flux_final_2_daily.csv,daily,mean,Calendar-month mean of non-missing daily rootgrowth_g.m2.day_0-10_minirhizotron values within plot.,minirhizotron,rootgrowth,g.m2.day,0-10cm,,none,192,"Observed source values only; no temporal interpolation or imputation. If a plot had multiple observation dates in a month, their arithmetic mean is reported. Existing source-level means and SDs retain their original meaning.",79,numeric,84,0.166666666666667,2017-05-01,2024-04-30,one row per TRACE plot and calendar month,plot + year_month,blank field in CSV
rootgrowth_g.m2.day_10-20_minirhizotron__monthly_mean,covariate,minirhizotron_0_30cm,rootgrowth_g.m2.day_10-20_minirhizotron,joined_data_flux_final_2_daily.csv,daily,mean,Calendar-month mean of non-missing daily rootgrowth_g.m2.day_10-20_minirhizotron values within plot.,minirhizotron,rootgrowth,g.m2.day,10-20cm,,none,192,"Observed source values only; no temporal interpolation or imputation. If a plot had multiple observation dates in a month, their arithmetic mean is reported. Existing source-level means and SDs retain their original meaning.",80,numeric,84,0.166666666666667,2017-05-01,2024-04-30,one row per TRACE plot and calendar month,plot + year_month,blank field in CSV
rootgrowth_g.m2.day_20-30_minirhizotron__monthly_mean,covariate,minirhizotron_0_30cm,rootgrowth_g.m2.day_20-30_minirhizotron,joined_data_flux_final_2_daily.csv,daily,mean,Calendar-month mean of non-missing daily rootgrowth_g.m2.day_20-30_minirhizotron values within plot.,minirhizotron,rootgrowth,g.m2.day,20-30cm,,none,192,"Observed source values only; no temporal interpolation or imputation. If a plot had multiple observation dates in a month, their arithmetic mean is reported. Existing source-level means and SDs retain their original meaning.",81,numeric,84,0.166666666666667,2017-05-01,2024-04-30,one row per TRACE plot and calendar month,plot + year_month,blank field in CSV
rootmortality_g.m2.day_0-10_minirhizotron__monthly_mean,covariate,minirhizotron_0_30cm,rootmortality_g.m2.day_0-10_minirhizotron,joined_data_flux_final_2_daily.csv,daily,mean,Calendar-month mean of non-missing daily rootmortality_g.m2.day_0-10_minirhizotron values within plot.,minirhizotron,rootmortality,g.m2.day,0-10cm,,none,192,"Observed source values only; no temporal interpolation or imputation. If a plot had multiple observation dates in a month, their arithmetic mean is reported. Existing source-level means and SDs retain their original meaning.",82,numeric,84,0.166666666666667,2017-05-01,2024-04-30,one row per TRACE plot and calendar month,plot + year_month,blank field in CSV
rootmortality_g.m2.day_10-20_minirhizotron__monthly_mean,covariate,minirhizotron_0_30cm,rootmortality_g.m2.day_10-20_minirhizotron,joined_data_flux_final_2_daily.csv,daily,mean,Calendar-month mean of non-missing daily rootmortality_g.m2.day_10-20_minirhizotron values within plot.,minirhizotron,rootmortality,g.m2.day,10-20cm,,none,192,"Observed source values only; no temporal interpolation or imputation. If a plot had multiple observation dates in a month, their arithmetic mean is reported. Existing source-level means and SDs retain their original meaning.",83,numeric,84,0.166666666666667,2017-05-01,2024-04-30,one row per TRACE plot and calendar month,plot + year_month,blank field in CSV
rootmortality_g.m2.day_20-30_minirhizotron__monthly_mean,covariate,minirhizotron_0_30cm,rootmortality_g.m2.day_20-30_minirhizotron,joined_data_flux_final_2_daily.csv,daily,mean,Calendar-month mean of non-missing daily rootmortality_g.m2.day_20-30_minirhizotron values within plot.,minirhizotron,rootmortality,g.m2.day,20-30cm,,none,192,"Observed source values only; no temporal interpolation or imputation. If a plot had multiple observation dates in a month, their arithmetic mean is reported. Existing source-level means and SDs retain their original meaning.",84,numeric,84,0.166666666666667,2017-05-01,2024-04-30,one row per TRACE plot and calendar month,plot + year_month,blank field in CSV
